pta_id,name,parties,n_parties,year,date_signed,date_into_force,status,type,notification,composition,region,crossregional,parties_wto,language,wto_rta_id
1,Japan - Thailand,"['JPN', 'THA']",2,2007,2007-04-03,2007-11-01,In Force,Free Trade Agreement & Economic Integration Agreement,GATT Art. XXIV & GATS Art. V,Bilateral,East Asia,No,Yes,en,1.0
2,Egypt - Turkey,"['EGY', 'TUR']",2,2005,2005-12-27,2007-03-01,In Force,Free Trade Agreement,Enabling Clause,Bilateral,Africa; Europe,Yes,Yes,en,2.0
3,Chile - Japan,"['CHL', 'JPN']",2,2007,2007-03-27,2007-09-03,In Force,Free Trade Agreement & Economic Integration Agreement,GATT Art. XXIV & GATS Art. V,Bilateral,South America; East Asia,Yes,Yes,en,3.0
4,Central European Free Trade Agreement (CEFTA) 2006,"['ALB', 'BIH', 'MDA', 'MKD', 'MNE', 'RKS', 'SRB']",7,2006,2006-12-19,2007-05-01,In Force,Free Trade Agreement,GATT Art. XXIV,Plurilateral,Europe; Commonwealth of Independent States (CIS),Yes,No,en,4.0
5,EFTA - Egypt,"['CHE', 'EGY', 'ISL', 'LIE', 'NOR']",5,2007,2007-01-27,2007-08-01,In Force,Free Trade Agreement,GATT Art. XXIV,Bilateral; One Party is an RTA,Africa; Europe,Yes,Yes,en,5.0
6,Southern African Customs Union (SACU),"['BWA', 'LSO', 'NAM', 'SWZ', 'ZAF']",5,2002,2002-10-21,2004-07-15,In Force,Customs Union,GATT Art. XXIV,Plurilateral,Africa,No,Yes,en,7.0
7,Chile - China,"['CHL', 'CHN']",2,2005,2005-11-18,2006-10-01,In Force,Free Trade Agreement & Economic Integration Agreement,GATT Art. XXIV & GATS Art. V,Bilateral,South America; East Asia,Yes,Yes,en,8.0
8,Trans-Pacific Strategic Economic Partnership,"['BRN', 'CHL', 'NZL', 'SGP']",4,2005,2005-07-18,2006-05-28,In Force,Free Trade Agreement & Economic Integration Agreement,GATT Art. XXIV & GATS Art. V,Plurilateral,East Asia; South America; Oceania,Yes,Yes,en,9.0
9,India - Singapore,"['IND', 'SGP']",2,2005,2005-06-29,2005-08-01,In Force,Free Trade Agreement & Economic Integration Agreement,GATT Art. XXIV & GATS Art. V,Bilateral,West Asia; East Asia,Yes,Yes,en,10.0
10,Panama - Singapore,"['PAN', 'SGP']",2,2006,2006-03-01,2006-07-24,In Force,Free Trade Agreement & Economic Integration Agreement,GATT Art. XXIV & GATS Art. V,Bilateral,Central America; East Asia,Yes,Yes,en,11.0
11,EU - Albania,"['ALB', 'AUT', 'BEL', 'BGR', 'CYP', 'CZE', 'DEU', 'DNK', 'ESP', 'EST', 'FIN', 'FRA', 'GBR', 'GRC', 'HRV', 'HUN', 'IRL', 'ITA', 'LTU', 'LUX', 'LVA', 'MLT', 'NLD', 'POL', 'PRT', 'ROU', 'SVK', 'SVN', 'SWE']",29,2006,2006-06-12,2006-12-01,In Force,Free Trade Agreement & Economic Integration Agreement,GATT Art. XXIV & GATS Art. V,Bilateral; One Party is an RTA,Europe,No,Yes,en,12.0
12,Turkey - Syria,"['SYR', 'TUR']",2,2004,2004-12-23,2007-01-01,In Force,Free Trade Agreement,GATT Art. XXIV,Bilateral,Middle East; Europe,Yes,No,en,13.0
13,EFTA - Lebanon,"['CHE', 'ISL', 'LBN', 'LIE', 'NOR']",5,2004,2004-06-24,2007-01-01,In Force,Free Trade Agreement,GATT Art. XXIV,Bilateral; One Party is an RTA,Europe; Middle East,Yes,No,en,15.0
14,Pan-Arab Free Trade Area (PAFTA),"['ARE', 'BHR', 'EGY', 'IRQ', 'JOR', 'KWT', 'LBN', 'LBY', 'MAR', 'OMN', 'QAT', 'SAU', 'SDN', 'SYR', 'TUN', 'YEM']",16,1997,1997-02-19,1998-01-01,In Force,Free Trade Agreement,GATT Art. XXIV,Plurilateral,Middle East; Africa,Yes,No,en,16.0
15,Gulf Cooperation Council (GCC),"['ARE', 'BHR', 'KWT', 'OMN', 'QAT', 'SAU']",6,2001,2001-12-31,2003-01-01,In Force,Customs Union,,Plurilateral,Middle East,No,Yes,en,17.0
16,EU - Algeria,"['AUT', 'BEL', 'BGR', 'CYP', 'CZE', 'DEU', 'DNK', 'DZA', 'ESP', 'EST', 'FIN', 'FRA', 'GBR', 'GRC', 'HRV', 'HUN', 'IRL', 'ITA', 'LTU', 'LUX', 'LVA', 'MLT', 'NLD', 'POL', 'PRT', 'ROU', 'SVK', 'SVN', 'SWE']",29,2002,2002-04-22,2005-09-01,In Force,Free Trade Agreement,GATT Art. XXIV,Bilateral; One Party is an RTA,Africa; Europe,Yes,No,en,18.0
17,US - Bahrain,"['BHR', 'USA']",2,2005,2005-09-14,2006-08-01,In Force,Free Trade Agreement & Economic Integration Agreement,GATT Art. XXIV & GATS Art. V,Bilateral,Middle East; North America,Yes,Yes,en,19.0
18,Costa Rica - Mexico,"['CRI', 'MEX']",2,1994,1994-04-05,1995-01-01,Inactive,Free Trade Agreement & Economic Integration Agreement,GATT Art. XXIV & GATS Art. V,Bilateral,Central America; North America,Yes,Yes,es,20.0
19,"EFTA - Korea, Republic of","['CHE', 'ISL', 'KOR', 'LIE', 'NOR']",5,2005,2005-12-15,2006-09-01,In Force,Free Trade Agreement & Economic Integration Agreement,GATT Art. XXIV & GATS Art. V,Bilateral; One Party is an RTA,Europe; East Asia,Yes,Yes,en,21.0
20,Japan - Malaysia,"['JPN', 'MYS']",2,2005,2005-12-13,2006-07-13,In Force,Free Trade Agreement & Economic Integration Agreement,GATT Art. XXIV & GATS Art. V,Bilateral,East Asia,No,Yes,en,22.0
21,Jordan - Singapore,"['JOR', 'SGP']",2,2004,2004-05-16,2005-08-22,In Force,Free Trade Agreement & Economic Integration Agreement,GATT Art. XXIV & GATS Art. V,Bilateral,Middle East; East Asia,Yes,Yes,en,23.0
22,Mexico - Northern Triangle,"['GTM', 'HND', 'MEX', 'SLV']",4,2000,2000-06-29,2001-03-15,Inactive,Free Trade Agreement & Economic Integration Agreement,GATT Art. XXIV & GATS Art. V,Bilateral,Central America; North America,Yes,Yes,es,24.0
23,Dominican Republic - Central America - United States Free Trade Agreement (CAFTA-DR),"['CRI', 'DOM', 'GTM', 'HND', 'NIC', 'SLV', 'USA']",7,2004,2004-08-05,2006-03-01,In Force,Free Trade Agreement & Economic Integration Agreement,GATT Art. XXIV & GATS Art. V,Plurilateral,Central America; Caribbean; North America,Yes,Yes,en,27.0
24,"Korea, Republic of - Singapore","['KOR', 'SGP']",2,2005,2005-08-04,2006-03-02,In Force,Free Trade Agreement & Economic Integration Agreement,GATT Art. XXIV & GATS Art. V,Bilateral,East Asia,No,Yes,en,28.0
25,Turkey - Morocco,"['MAR', 'TUR']",2,2004,2004-04-07,2006-01-01,In Force,Free Trade Agreement,GATT Art. XXIV,Bilateral,Africa; Europe,Yes,Yes,en,29.0
26,US - Morocco,"['MAR', 'USA']",2,2004,2004-06-15,2006-01-01,In Force,Free Trade Agreement & Economic Integration Agreement,GATT Art. XXIV & GATS Art. V,Bilateral,Africa; North America,Yes,Yes,en,30.0
27,Thailand - New Zealand,"['NZL', 'THA']",2,2005,2005-04-19,2005-07-01,In Force,Free Trade Agreement & Economic Integration Agreement,GATT Art. XXIV & GATS Art. V,Bilateral,Oceania; East Asia,Yes,Yes,en,31.0
28,Mexico - Nicaragua,"['MEX', 'NIC']",2,1997,1997-12-18,1998-07-01,Inactive,Free Trade Agreement & Economic Integration Agreement,GATT Art. XXIV & GATS Art. V,Bilateral,North America; Central America,Yes,Yes,es,32.0
29,EU - Chile,"['AUT', 'BEL', 'BGR', 'CHL', 'CYP', 'CZE', 'DEU', 'DNK', 'ESP', 'EST', 'FIN', 'FRA', 'GBR', 'GRC', 'HRV', 'HUN', 'IRL', 'ITA', 'LTU', 'LUX', 'LVA', 'MLT', 'NLD', 'POL', 'PRT', 'ROU', 'SVK', 'SVN', 'SWE']",29,2002,2002-11-18,2003-02-01,In Force,Free Trade Agreement & Economic Integration Agreement,GATT Art. XXIV & GATS Art. V,Bilateral; One Party is an RTA,Europe; South America,Yes,Yes,en,33.0
30,Turkey - Palestinian Authority,"['PSE', 'TUR']",2,2004,2004-07-20,2005-06-01,In Force,Free Trade Agreement,GATT Art. XXIV,Bilateral,Middle East; Europe,Yes,No,en,34.0
31,Turkey - Tunisia,"['TUN', 'TUR']",2,2004,2004-11-25,2005-07-01,In Force,Free Trade Agreement,GATT Art. XXIV,Bilateral,Africa; Europe,Yes,Yes,en,35.0
32,Economic Community of West African States (ECOWAS),"['BEN', 'BFA', 'CIV', 'CPV', 'GHA', 'GIN', 'GMB', 'GNB', 'LBR', 'MLI', 'NER', 'NGA', 'SEN', 'SLE', 'TGO']",15,1993,1993-07-24,1993-07-24,In Force,Customs Union,Enabling Clause,Plurilateral,Africa,No,No,en,36.0
33,EFTA - Tunisia,"['CHE', 'ISL', 'LIE', 'NOR', 'TUN']",5,2004,2004-12-17,2005-06-01,In Force,Free Trade Agreement,GATT Art. XXIV,Bilateral; One Party is an RTA,Europe; Africa,Yes,Yes,en,37.0
34,Japan - Mexico,"['JPN', 'MEX']",2,2004,2004-09-17,2005-04-01,In Force,Free Trade Agreement & Economic Integration Agreement,GATT Art. XXIV & GATS Art. V,Bilateral,East Asia; North America,Yes,Yes,en,38.0
35,Panama - Central America,"['CRI', 'GTM', 'HND', 'NIC', 'PAN', 'SLV']",6,2002,2002-03-06,2003-04-11,In Force,Free Trade Agreement & Economic Integration Agreement,GATT Art. XXIV & GATS Art. V,Bilateral,Central America,No,Yes,es,39.0
36,Thailand - Australia,"['AUS', 'THA']",2,2004,2004-07-05,2005-01-01,In Force,Free Trade Agreement & Economic Integration Agreement,GATT Art. XXIV & GATS Art. V,Bilateral,Oceania; East Asia,Yes,Yes,en,40.0
37,US - Australia,"['AUS', 'USA']",2,2004,2004-05-18,2005-01-01,In Force,Free Trade Agreement & Economic Integration Agreement,GATT Art. XXIV & GATS Art. V,Bilateral,Oceania; North America,Yes,Yes,en,41.0
38,ASEAN - China,"['BRN', 'CHN', 'IDN', 'KHM', 'LAO', 'MMR', 'MYS', 'PHL', 'SGP', 'THA', 'VNM']",11,2004,2004-11-29,2005-01-01,In Force,Free Trade Agreement & Economic Integration Agreement,Enabling Clause & GATS Art. V,Bilateral; One Party is an RTA,East Asia,No,Yes,en,42.0
39,EFTA - Chile,"['CHE', 'CHL', 'ISL', 'LIE', 'NOR']",5,2003,2003-06-26,2004-12-01,In Force,Free Trade Agreement & Economic Integration Agreement,GATT Art. XXIV & GATS Art. V,Bilateral; One Party is an RTA,South America; Europe,Yes,Yes,en,43.0
40,EU - Egypt,"['AUT', 'BEL', 'BGR', 'CYP', 'CZE', 'DEU', 'DNK', 'EGY', 'ESP', 'EST', 'FIN', 'FRA', 'GBR', 'GRC', 'HRV', 'HUN', 'IRL', 'ITA', 'LTU', 'LUX', 'LVA', 'MLT', 'NLD', 'POL', 'PRT', 'ROU', 'SVK', 'SVN', 'SWE']",29,2001,2001-06-25,2004-06-01,In Force,Free Trade Agreement,GATT Art. XXIV,Bilateral; One Party is an RTA,Europe; Africa,Yes,Yes,en,44.0
41,Southern African Development Community (SADC),"['AGO', 'BWA', 'LSO', 'MOZ', 'MUS', 'MWI', 'NAM', 'SWZ', 'SYC', 'TZA', 'ZAF', 'ZMB', 'ZWE']",13,1996,1996-08-24,2000-09-01,In Force,Free Trade Agreement,GATT Art. XXIV,Plurilateral,Africa,No,Yes,en,45.0
42,Armenia - Turkmenistan,"['ARM', 'TKM']",2,1995,1995-10-03,1996-07-07,In Force,Free Trade Agreement,GATT Art. XXIV,Bilateral,Commonwealth of Independent States (CIS),No,No,en,47.0
43,Armenia - Russian Federation,"['ARM', 'RUS']",2,1992,1992-09-30,1993-03-25,Inactive,Free Trade Agreement,GATT Art. XXIV,Bilateral,Commonwealth of Independent States (CIS),No,Yes,en,48.0
44,Armenia - Moldova,"['ARM', 'MDA']",2,1993,1993-12-24,1995-12-21,In Force,Free Trade Agreement,GATT Art. XXIV,Bilateral,Commonwealth of Independent States (CIS),No,Yes,en,49.0
45,Armenia - Kazakhstan,"['ARM', 'KAZ']",2,1999,1999-09-02,2001-12-25,In Force,Free Trade Agreement,GATT Art. XXIV,Bilateral,Commonwealth of Independent States (CIS),No,Yes,en,50.0
46,Armenia - Ukraine,"['ARM', 'UKR']",2,1994,1994-10-07,1996-12-18,In Force,Free Trade Agreement,GATT Art. XXIV,Bilateral,Commonwealth of Independent States (CIS),No,Yes,en,51.0
47,"Korea, Republic of - Chile","['CHL', 'KOR']",2,2003,2003-02-01,2004-04-01,In Force,Free Trade Agreement & Economic Integration Agreement,GATT Art. XXIV & GATS Art. V,Bilateral,South America; East Asia,Yes,Yes,en,53.0
48,Central European Free Trade Agreement (CEFTA) - Accession of Croatia,[],0,2002,2002-12-05,2003-03-01,Inactive,Free Trade Agreement,GATT Art. XXIV,Plurilateral,Europe,No,Yes,en,54.0
49,Chile - Central America,"['CHL', 'CRI', 'GTM', 'HND', 'NIC', 'SLV']",6,1999,1999-10-18,2002-06-01,In Force,Free Trade Agreement & Economic Integration Agreement,GATT Art. XXIV & GATS Art. V,Bilateral,South America; Central America,Yes,Yes,es,55.0
50,"China - Macao, China","['CHN', 'MAC']",2,2003,2003-10-17,2003-10-17,In Force,Free Trade Agreement & Economic Integration Agreement,GATT Art. XXIV & GATS Art. V,Bilateral,East Asia,No,Yes,en,56.0
51,"China - Hong Kong, China","['CHN', 'HKG']",2,2003,2003-06-29,2003-06-29,In Force,Free Trade Agreement & Economic Integration Agreement,GATT Art. XXIV & GATS Art. V,Bilateral,East Asia,No,Yes,en,57.0
52,US - Singapore,"['SGP', 'USA']",2,2003,2003-05-06,2004-01-01,In Force,Free Trade Agreement & Economic Integration Agreement,GATT Art. XXIV & GATS Art. V,Bilateral,East Asia; North America,Yes,Yes,en,58.0
53,US - Chile,"['CHL', 'USA']",2,2003,2003-06-06,2004-01-01,In Force,Free Trade Agreement & Economic Integration Agreement,GATT Art. XXIV & GATS Art. V,Bilateral,South America; North America,Yes,Yes,en,59.0
54,Singapore - Australia,"['AUS', 'SGP']",2,2003,2003-02-17,2003-07-28,In Force,Free Trade Agreement & Economic Integration Agreement,GATT Art. XXIV & GATS Art. V,Bilateral,Oceania; East Asia,Yes,Yes,en,60.0
55,Turkey - Bosnia and Herzegovina,"['BIH', 'TUR']",2,2002,2002-07-03,2003-07-01,In Force,Free Trade Agreement,GATT Art. XXIV,Bilateral,Europe,No,No,en,61.0
56,Turkey - Croatia,[],0,2002,2002-03-13,2003-07-01,Inactive,Free Trade Agreement,GATT Art. XXIV,Bilateral,Europe,No,Yes,en,62.0
57,EU - Lebanon,"['AUT', 'BEL', 'BGR', 'CYP', 'CZE', 'DEU', 'DNK', 'ESP', 'EST', 'FIN', 'FRA', 'GBR', 'GRC', 'HRV', 'HUN', 'IRL', 'ITA', 'LBN', 'LTU', 'LUX', 'LVA', 'MLT', 'NLD', 'POL', 'PRT', 'ROU', 'SVK', 'SVN', 'SWE']",29,2002,2002-06-17,2003-03-01,In Force,Free Trade Agreement,GATT Art. XXIV,Bilateral; One Party is an RTA,Europe; Middle East,Yes,No,en,63.0
58,EFTA - Singapore,"['CHE', 'ISL', 'LIE', 'NOR', 'SGP']",5,2002,2002-06-26,2003-01-01,In Force,Free Trade Agreement & Economic Integration Agreement,GATT Art. XXIV & GATS Art. V,Bilateral; One Party is an RTA,Europe; East Asia,Yes,Yes,en,65.0
59,Canada - Costa Rica,"['CAN', 'CRI']",2,2001,2001-04-23,2002-11-01,In Force,Free Trade Agreement,GATT Art. XXIV,Bilateral,North America; Central America,Yes,Yes,en,66.0
60,EU - Croatia,[],0,2001,2001-10-29,2002-03-01,Inactive,Free Trade Agreement & Economic Integration Agreement,GATT Art. XXIV & GATS Art. V,Bilateral; One Party is an RTA,Europe,No,Yes,en,67.0
61,EU - Jordan,"['AUT', 'BEL', 'BGR', 'CYP', 'CZE', 'DEU', 'DNK', 'ESP', 'EST', 'FIN', 'FRA', 'GBR', 'GRC', 'HRV', 'HUN', 'IRL', 'ITA', 'JOR', 'LTU', 'LUX', 'LVA', 'MLT', 'NLD', 'POL', 'PRT', 'ROU', 'SVK', 'SVN', 'SWE']",29,1997,1997-11-24,2002-05-01,In Force,Free Trade Agreement,GATT Art. XXIV,Bilateral; One Party is an RTA,Europe; Middle East,Yes,Yes,en,68.0
62,Japan - Singapore,"['JPN', 'SGP']",2,2002,2002-01-13,2002-11-30,In Force,Free Trade Agreement & Economic Integration Agreement,GATT Art. XXIV & GATS Art. V,Bilateral,East Asia,No,Yes,en,70.0
63,US - Jordan,"['JOR', 'USA']",2,2000,2000-10-24,2001-12-17,In Force,Free Trade Agreement & Economic Integration Agreement,GATT Art. XXIV & GATS Art. V,Bilateral,Middle East; North America,Yes,Yes,en,71.0
64,India - Sri Lanka,"['IND', 'LKA']",2,1998,1998-12-28,2001-12-15,In Force,Free Trade Agreement,Enabling Clause,Bilateral,West Asia,No,Yes,en,72.0
65,EU - Mexico,"['AUT', 'BEL', 'BGR', 'CYP', 'CZE', 'DEU', 'DNK', 'ESP', 'EST', 'FIN', 'FRA', 'GBR', 'GRC', 'HRV', 'HUN', 'IRL', 'ITA', 'LTU', 'LUX', 'LVA', 'MEX', 'MLT', 'NLD', 'POL', 'PRT', 'ROU', 'SVK', 'SVN', 'SWE']",29,1997,1997-12-08,2000-07-01,In Force,Free Trade Agreement & Economic Integration Agreement,GATT Art. XXIV & GATS Art. V,Bilateral; One Party is an RTA,Europe; North America,Yes,Yes,en,73.0
66,EFTA - Jordan,"['CHE', 'ISL', 'JOR', 'LIE', 'NOR']",5,2001,2001-06-21,2002-09-01,In Force,Free Trade Agreement,GATT Art. XXIV,Bilateral; One Party is an RTA,Europe; Middle East,Yes,Yes,en,75.0
67,EFTA - Croatia,[],0,2001,2001-06-21,2002-04-01,Inactive,Free Trade Agreement,GATT Art. XXIV,Plurilateral,Europe,No,Yes,en,76.0
68,EU - Former Yugoslav Republic of Macedonia,"['AUT', 'BEL', 'BGR', 'CYP', 'CZE', 'DEU', 'DNK', 'ESP', 'EST', 'FIN', 'FRA', 'GBR', 'GRC', 'HRV', 'HUN', 'IRL', 'ITA', 'LTU', 'LUX', 'LVA', 'MKD', 'MLT', 'NLD', 'POL', 'PRT', 'ROU', 'SVK', 'SVN', 'SWE']",29,2001,2001-04-09,2001-06-01,In Force,Free Trade Agreement & Economic Integration Agreement,GATT Art. XXIV & GATS Art. V,Bilateral; One Party is an RTA,Europe,No,Yes,en,77.0
69,New Zealand - Singapore,"['NZL', 'SGP']",2,2000,2000-11-14,2001-01-01,In Force,Free Trade Agreement & Economic Integration Agreement,GATT Art. XXIV & GATS Art. V,Bilateral,Oceania; East Asia,Yes,Yes,en,78.0
70,EFTA - Mexico,"['CHE', 'ISL', 'LIE', 'MEX', 'NOR']",5,2000,2000-11-27,2001-07-01,In Force,Free Trade Agreement & Economic Integration Agreement,GATT Art. XXIV & GATS Art. V,Bilateral; One Party is an RTA,Europe; North America,Yes,Yes,en,79.0
71,Chile - Mexico,"['CHL', 'MEX']",2,1998,1998-04-17,1999-08-01,In Force,Free Trade Agreement & Economic Integration Agreement,GATT Art. XXIV & GATS Art. V,Bilateral,South America; North America,Yes,Yes,es,80.0
72,Israel - Mexico,"['ISR', 'MEX']",2,2000,2000-04-10,2000-07-01,In Force,Free Trade Agreement,GATT Art. XXIV,Bilateral,Middle East; North America,Yes,Yes,en,81.0
73,Georgia - Armenia,"['ARM', 'GEO']",2,1995,1995-08-14,1998-11-11,In Force,Free Trade Agreement,GATT Art. XXIV,Bilateral,Commonwealth of Independent States (CIS),No,Yes,en,82.0
74,Georgia - Azerbaijan,"['AZE', 'GEO']",2,1996,1996-03-08,1996-07-10,In Force,Free Trade Agreement,GATT Art. XXIV,Bilateral,Commonwealth of Independent States (CIS),No,No,en,83.0
75,Georgia - Kazakhstan,"['GEO', 'KAZ']",2,1997,1997-11-11,1999-07-16,In Force,Free Trade Agreement,GATT Art. XXIV,Bilateral,Commonwealth of Independent States (CIS),No,Yes,en,84.0
76,Georgia - Russian Federation,"['GEO', 'RUS']",2,1994,1994-02-03,1994-05-10,In Force,Free Trade Agreement,GATT Art. XXIV,Bilateral,Commonwealth of Independent States (CIS),No,Yes,en,85.0
77,Georgia - Turkmenistan,"['GEO', 'TKM']",2,1996,1996-03-20,2000-01-01,In Force,Free Trade Agreement,GATT Art. XXIV,Bilateral,Commonwealth of Independent States (CIS),No,No,en,86.0
78,Georgia - Ukraine,"['GEO', 'UKR']",2,1995,1995-01-09,1996-06-04,In Force,Free Trade Agreement,GATT Art. XXIV,Bilateral,Commonwealth of Independent States (CIS),No,Yes,en,87.0
79,EFTA - Former Yugoslav Republic of Macedonia,"['CHE', 'ISL', 'LIE', 'MKD', 'NOR']",5,2000,2000-06-19,2002-05-01,In Force,Free Trade Agreement,GATT Art. XXIV,Bilateral; One Party is an RTA,Europe,No,Yes,en,88.0
80,Turkey - Former Yugoslav Republic of Macedonia,"['MKD', 'TUR']",2,1999,1999-09-07,2000-09-01,In Force,Free Trade Agreement,GATT Art. XXIV,Bilateral,Europe,No,Yes,en,89.0
81,Kyrgyz Republic - Armenia,"['ARM', 'KGZ']",2,1994,1994-07-04,1995-10-27,In Force,Free Trade Agreement,GATT Art. XXIV,Bilateral,Commonwealth of Independent States (CIS),No,Yes,en,90.0
82,EU - South Africa,"['AUT', 'BEL', 'BGR', 'CYP', 'CZE', 'DEU', 'DNK', 'ESP', 'EST', 'FIN', 'FRA', 'GBR', 'GRC', 'HRV', 'HUN', 'IRL', 'ITA', 'LTU', 'LUX', 'LVA', 'MLT', 'NLD', 'POL', 'PRT', 'ROU', 'SVK', 'SVN', 'SWE', 'ZAF']",29,1999,1999-10-11,2000-01-01,In Force,Free Trade Agreement,GATT Art. XXIV,Bilateral; One Party is an RTA,Europe; Africa,Yes,Yes,en,91.0
83,EU - Morocco,"['AUT', 'BEL', 'BGR', 'CYP', 'CZE', 'DEU', 'DNK', 'ESP', 'EST', 'FIN', 'FRA', 'GBR', 'GRC', 'HRV', 'HUN', 'IRL', 'ITA', 'LTU', 'LUX', 'LVA', 'MAR', 'MLT', 'NLD', 'POL', 'PRT', 'ROU', 'SVK', 'SVN', 'SWE']",29,1996,1996-02-26,2000-03-01,In Force,Free Trade Agreement,GATT Art. XXIV,Bilateral; One Party is an RTA,Europe; Africa,Yes,Yes,en,92.0
84,EU - Israel,"['AUT', 'BEL', 'BGR', 'CYP', 'CZE', 'DEU', 'DNK', 'ESP', 'EST', 'FIN', 'FRA', 'GBR', 'GRC', 'HRV', 'HUN', 'IRL', 'ISR', 'ITA', 'LTU', 'LUX', 'LVA', 'MLT', 'NLD', 'POL', 'PRT', 'ROU', 'SVK', 'SVN', 'SWE']",29,1995,1995-11-20,2000-06-01,In Force,Free Trade Agreement,GATT Art. XXIV,Bilateral; One Party is an RTA,Europe; Middle East,Yes,Yes,en,93.0
85,East African Community (EAC),"['BDI', 'KEN', 'RWA', 'TZA', 'UGA']",5,1999,1999-11-30,2000-07-07,In Force,Customs Union & Economic Integration Agreement,Enabling Clause & GATS Art. V,Plurilateral,Africa,No,Yes,en,94.0
86,Economic and Monetary Community of Central Africa (CEMAC),"['CAF', 'CMR', 'COG', 'GAB', 'GNQ', 'TCD']",6,1994,1994-03-16,1999-06-24,In Force,Customs Union,Enabling Clause,Plurilateral,Africa,No,No,fr,95.0
87,EFTA - Morocco,"['CHE', 'ISL', 'LIE', 'MAR', 'NOR']",5,1997,1997-06-19,1999-12-01,In Force,Free Trade Agreement,GATT Art. XXIV,Bilateral; One Party is an RTA,Europe; Africa,Yes,Yes,en,96.0
88,West African Economic and Monetary Union (WAEMU),"['BEN', 'BFA', 'CIV', 'MLI', 'NER', 'SEN', 'TGO']",7,1994,1994-01-10,2000-01-01,In Force,Customs Union,Enabling Clause,Plurilateral,Africa,No,Yes,fr,97.0
89,Melanesian Spearhead Group (MSG),"['FJI', 'PNG', 'SLB', 'VUT']",4,1993,1993-07-22,1994-01-01,In Force,Partial Scope Agreement,Enabling Clause,Plurilateral,Oceania,No,Yes,en,98.0
90,Commonwealth of Independent States (CIS),"['AZE', 'GEO', 'TKM', 'UZB']",4,1994,1994-04-15,1994-12-30,In Force,Free Trade Agreement,GATT Art. XXIV,Plurilateral,Commonwealth of Independent States (CIS),No,No,en,99.0
91,Kyrgyz Republic - Kazakhstan,"['KAZ', 'KGZ']",2,1995,1995-06-22,1995-11-11,In Force,Free Trade Agreement,GATT Art. XXIV,Bilateral,Commonwealth of Independent States (CIS),No,Yes,en,100.0
92,EFTA - Palestinian Authority,"['CHE', 'ISL', 'LIE', 'NOR', 'PSE']",5,1998,1998-11-30,1999-07-01,In Force,Free Trade Agreement,GATT Art. XXIV,Bilateral; One Party is an RTA,Europe; Middle East,Yes,No,en,101.0
93,Kyrgyz Republic - Moldova,"['KGZ', 'MDA']",2,1995,1995-05-16,1996-11-21,In Force,Free Trade Agreement,GATT Art. XXIV,Bilateral,Commonwealth of Independent States (CIS),No,Yes,en,102.0
94,Kyrgyz Republic - Russian Federation,"['KGZ', 'RUS']",2,1992,1992-10-08,1993-04-24,Inactive,Free Trade Agreement,GATT Art. XXIV,Bilateral,Commonwealth of Independent States (CIS),No,Yes,en,103.0
95,Kyrgyz Republic - Ukraine,"['KGZ', 'UKR']",2,1995,1995-05-26,1998-01-19,In Force,Free Trade Agreement,GATT Art. XXIV,Bilateral,Commonwealth of Independent States (CIS),No,Yes,en,104.0
96,Kyrgyz Republic - Uzbekistan,"['KGZ', 'UZB']",2,1996,1996-12-24,1998-03-20,In Force,Free Trade Agreement,GATT Art. XXIV,Bilateral,Commonwealth of Independent States (CIS),No,No,en,105.0
97,Eurasian Economic Community (EAEC),"['BLR', 'KAZ', 'KGZ', 'RUS', 'TJK']",5,1996,1996-03-29,1997-10-08,Inactive,Customs Union,GATT Art. XXIV,Plurilateral,Commonwealth of Independent States (CIS),No,No,en,106.0
98,EU - Tunisia,"['AUT', 'BEL', 'BGR', 'CYP', 'CZE', 'DEU', 'DNK', 'ESP', 'EST', 'FIN', 'FRA', 'GBR', 'GRC', 'HRV', 'HUN', 'IRL', 'ITA', 'LTU', 'LUX', 'LVA', 'MLT', 'NLD', 'POL', 'PRT', 'ROU', 'SVK', 'SVN', 'SWE', 'TUN']",29,1995,1995-07-07,1998-03-01,In Force,Free Trade Agreement,GATT Art. XXIV,Bilateral; One Party is an RTA,Europe; Africa,Yes,Yes,en,107.0
99,Turkey - Israel,"['ISR', 'TUR']",2,1996,1996-03-14,1997-05-01,In Force,Free Trade Agreement,GATT Art. XXIV,Bilateral,Middle East; Europe,Yes,Yes,en,108.0
100,EU - Andorra,"['AND', 'AUT', 'BEL', 'BGR', 'CYP', 'CZE', 'DEU', 'DNK', 'ESP', 'EST', 'FIN', 'FRA', 'GBR', 'GRC', 'HRV', 'HUN', 'IRL', 'ITA', 'LTU', 'LUX', 'LVA', 'MLT', 'NLD', 'POL', 'PRT', 'ROU', 'SVK', 'SVN', 'SWE']",29,1991,1991-06-28,1991-07-01,In Force,Customs Union,GATT Art. XXIV,Bilateral; One Party is an RTA,Europe,No,No,en,109.0
101,Canada - Chile,"['CAN', 'CHL']",2,1996,1996-12-05,1997-07-05,In Force,Free Trade Agreement & Economic Integration Agreement,GATT Art. XXIV & GATS Art. V,Bilateral,North America; South America,Yes,Yes,en,110.0
102,EU - Palestinian Authority,"['AUT', 'BEL', 'BGR', 'CYP', 'CZE', 'DEU', 'DNK', 'ESP', 'EST', 'FIN', 'FRA', 'GBR', 'GRC', 'HRV', 'HUN', 'IRL', 'ITA', 'LTU', 'LUX', 'LVA', 'MLT', 'NLD', 'POL', 'PRT', 'PSE', 'ROU', 'SVK', 'SVN', 'SWE']",29,1997,1997-02-24,1997-07-01,In Force,Free Trade Agreement,GATT Art. XXIV,Bilateral; One Party is an RTA,Europe; Middle East,Yes,No,en,111.0
103,EU - Faroe Islands,"['AUT', 'BEL', 'BGR', 'CYP', 'CZE', 'DEU', 'DNK', 'ESP', 'EST', 'FIN', 'FRA', 'FRO', 'GBR', 'GRC', 'HRV', 'HUN', 'IRL', 'ITA', 'LTU', 'LUX', 'LVA', 'MLT', 'NLD', 'POL', 'PRT', 'ROU', 'SVK', 'SVN', 'SWE']",29,1996,1996-12-06,1997-01-01,In Force,Free Trade Agreement,GATT Art. XXIV,Bilateral; One Party is an RTA,Europe,No,No,en,112.0
104,Canada - Israel,"['CAN', 'ISR']",2,1996,1996-07-31,1997-01-01,In Force,Free Trade Agreement,GATT Art. XXIV,Bilateral,North America; Middle East,Yes,Yes,en,113.0
105,European Economic Area (EEA),"['AUT', 'BEL', 'BGR', 'CYP', 'CZE', 'DEU', 'DNK', 'ESP', 'EST', 'FIN', 'FRA', 'GBR', 'GRC', 'HRV', 'HUN', 'IRL', 'ISL', 'ITA', 'LIE', 'LTU', 'LUX', 'LVA', 'MLT', 'NLD', 'NOR', 'POL', 'PRT', 'ROU', 'SVK', 'SVN', 'SWE']",31,1992,1992-05-02,1994-01-01,In Force,Economic Integration Agreement,GATS Art. V,Plurilateral; One Party is an RTA,Europe,No,Yes,en,114.0
106,Faroe Islands - Norway,"['FRO', 'NOR']",2,1992,1992-08-28,1993-07-01,In Force,Free Trade Agreement,GATT Art. XXIV,Bilateral,Europe,No,No,en,115.0
107,Faroe Islands - Switzerland,"['CHE', 'FRO']",2,1994,1994-01-12,1995-03-01,In Force,Free Trade Agreement,GATT Art. XXIV,Bilateral,Europe,No,No,en,116.0
108,Faeroe Islands - Iceland,[],0,1992,1992-08-06,1993-07-01,Inactive,Free Trade Agreement,GATT Art. XXIV,Bilateral,Europe,No,No,en,117.0
109,EU - Turkey,"['AUT', 'BEL', 'BGR', 'CYP', 'CZE', 'DEU', 'DNK', 'ESP', 'EST', 'FIN', 'FRA', 'GBR', 'GRC', 'HRV', 'HUN', 'IRL', 'ITA', 'LTU', 'LUX', 'LVA', 'MLT', 'NLD', 'POL', 'PRT', 'ROU', 'SVK', 'SVN', 'SWE', 'TUR']",29,1995,1995-03-06,1996-01-01,In Force,Customs Union,GATT Art. XXIV,Bilateral; One Party is an RTA,Europe,No,Yes,en,118.0
110,EC Treaty,"['AUT', 'BEL', 'BGR', 'CYP', 'CZE', 'DEU', 'DNK', 'ESP', 'EST', 'FIN', 'FRA', 'GBR', 'GRC', 'HRV', 'HUN', 'IRL', 'ITA', 'LTU', 'LUX', 'LVA', 'MLT', 'NLD', 'POL', 'PRT', 'ROU', 'SVK', 'SVN', 'SWE']",28,1957,1957-03-25,1958-01-01,In Force,Customs Union & Economic Integration Agreement,GATT Art. XXIV & GATS Art. V,Plurilateral,Europe,No,Yes,en,120.0
111,Common Market for Eastern and Southern Africa (COMESA),"['AGO', 'BDI', 'COM', 'EGY', 'ERI', 'ETH', 'KEN', 'LSO', 'MUS', 'MWI', 'RWA', 'SDN', 'SWZ', 'TZA', 'UGA', 'ZMB', 'ZWE']",17,1993,1993-11-05,1994-12-08,In Force,Customs Union,Enabling Clause,Plurilateral,Africa,No,No,en,121.0
112,North American Free Trade Agreement (NAFTA),"['CAN', 'MEX', 'USA']",3,1992,1992-12-17,1994-01-01,In Force,Free Trade Agreement & Economic Integration Agreement,GATT Art. XXIV & GATS Art. V,Plurilateral,North America,No,Yes,en,122.0
113,South Asian Preferential Trade Arrangement (SAPTA),"['BGD', 'BTN', 'IND', 'LKA', 'MDV', 'NPL', 'PAK']",7,1993,1993-04-11,1995-12-07,In Force,Partial Scope Agreement,Enabling Clause,Plurilateral,West Asia,No,No,en,124.0
114,EFTA - Israel,"['CHE', 'ISL', 'ISR', 'LIE', 'NOR']",5,1992,1992-09-17,1993-01-01,In Force,Free Trade Agreement,GATT Art. XXIV,Bilateral; One Party is an RTA,Europe; Middle East,Yes,Yes,en,125.0
115,ASEAN Free Trade Area (AFTA),"['BRN', 'IDN', 'KHM', 'LAO', 'MMR', 'MYS', 'PHL', 'SGP', 'THA', 'VNM']",10,1992,1992-01-28,1993-01-01,In Force,Free Trade Agreement,Enabling Clause,Plurilateral,East Asia,No,Yes,en,126.0
116,Andean Community (CAN),"['BOL', 'COL', 'ECU', 'PER', 'VEN']",5,1987,1987-05-12,1988-05-25,In Force,Customs Union,Enabling Clause,Plurilateral,South America,No,Yes,en,127.0
117,Economic Cooperation Organization (ECO),"['IRN', 'PAK', 'TUR']",3,2003,2003-07-17,1992-02-17,In Force,Partial Scope Agreement,Enabling Clause,Plurilateral,Middle East; West Asia; Europe,Yes,No,en,128.0
118,EFTA - Turkey,"['CHE', 'ISL', 'LIE', 'NOR', 'TUR']",5,1991,1991-12-10,1992-04-01,In Force,Free Trade Agreement,GATT Art. XXIV,Bilateral; One Party is an RTA,Europe,No,Yes,en,129.0
119,Southern Common Market (MERCOSUR),"['ARG', 'BRA', 'PRY', 'URY']",4,1991,1991-03-26,1991-11-29,In Force,Customs Union & Economic Integration Agreement,Enabling Clause & GATS Art. V,Plurilateral,South America,No,Yes,en,130.0
120,Lao People's Democratic Republic - Thailand,"['LAO', 'THA']",2,1991,1991-06-20,1991-06-20,In Force,Partial Scope Agreement,Enabling Clause,Bilateral,East Asia,No,Yes,en,131.0
121,US - Israel,"['ISR', 'USA']",2,1985,1985-04-22,1985-08-19,In Force,Free Trade Agreement,GATT Art. XXIV,Bilateral,Middle East; North America,Yes,Yes,en,133.0
122,Australia - New Zealand (ANZCERTA),"['AUS', 'NZL']",2,1982,1982-12-14,1983-01-01,In Force,Free Trade Agreement & Economic Integration Agreement,GATT Art. XXIV & GATS Art. V,Bilateral,Oceania,No,Yes,en,134.0
123,Latin American Integration Association (LAIA),"['ARG', 'BOL', 'BRA', 'CHL', 'COL', 'CUB', 'ECU', 'MEX', 'PER', 'PRY', 'URY', 'VEN']",12,1980,1980-08-12,1981-03-18,In Force,Partial Scope Agreement,Enabling Clause,Plurilateral,South America; Caribbean; North America,Yes,Yes,es,135.0
124,South Pacific Regional Trade and Economic Cooperation Agreement (SPARTECA),"['AUS', 'COK', 'FJI', 'FSM', 'KIR', 'MHL', 'NIU', 'NRU', 'NZL', 'PNG', 'SLB', 'TON', 'TUV', 'VUT', 'WSM']",15,1980,1980-07-14,1981-01-01,In Force,Partial Scope Agreement,Enabling Clause,Plurilateral,Oceania,No,No,en,136.0
125,EU - Syria,"['AUT', 'BEL', 'BGR', 'CYP', 'CZE', 'DEU', 'DNK', 'ESP', 'EST', 'FIN', 'FRA', 'GBR', 'GRC', 'HRV', 'HUN', 'IRL', 'ITA', 'LTU', 'LUX', 'LVA', 'MLT', 'NLD', 'POL', 'PRT', 'ROU', 'SVK', 'SVN', 'SWE', 'SYR']",29,1977,1977-01-18,1977-07-01,In Force,Free Trade Agreement,GATT Art. XXIV,Bilateral; One Party is an RTA,Europe; Middle East,Yes,No,en,138.0
126,Australia - Papua New Guinea (PATCRA),"['AUS', 'PNG']",2,1976,1976-11-06,1977-02-01,In Force,Free Trade Agreement,GATT Art. XXIV,Bilateral,Oceania,No,Yes,en,139.0
127,Asia Pacific Trade Agreement (APTA),"['BGD', 'CHN', 'IND', 'KOR', 'LAO', 'LKA']",6,1975,1975-07-31,1976-06-17,In Force,Partial Scope Agreement,Enabling Clause,Plurilateral,West Asia; East Asia,Yes,Yes,en,140.0
128,Caribbean Community and Common Market (CARICOM),"['ATG', 'BHS', 'BLZ', 'BRB', 'DMA', 'GRD', 'GUY', 'HTI', 'JAM', 'KNA', 'LCA', 'MSR', 'SUR', 'TTO', 'VCT']",15,1973,1973-07-04,1973-08-01,In Force,Customs Union & Economic Integration Agreement,GATT Art. XXIV & GATS Art. V,Plurilateral,Caribbean; Central America; South America,Yes,No,en,141.0
129,EU - Norway,"['AUT', 'BEL', 'BGR', 'CYP', 'CZE', 'DEU', 'DNK', 'ESP', 'EST', 'FIN', 'FRA', 'GBR', 'GRC', 'HRV', 'HUN', 'IRL', 'ITA', 'LTU', 'LUX', 'LVA', 'MLT', 'NLD', 'NOR', 'POL', 'PRT', 'ROU', 'SVK', 'SVN', 'SWE']",29,1973,1973-05-14,1973-07-01,In Force,Free Trade Agreement,GATT Art. XXIV,Bilateral; One Party is an RTA,Europe,No,Yes,en,142.0
130,EU - Iceland,"['AUT', 'BEL', 'BGR', 'CYP', 'CZE', 'DEU', 'DNK', 'ESP', 'EST', 'FIN', 'FRA', 'GBR', 'GRC', 'HRV', 'HUN', 'IRL', 'ISL', 'ITA', 'LTU', 'LUX', 'LVA', 'MLT', 'NLD', 'POL', 'PRT', 'ROU', 'SVK', 'SVN', 'SWE']",29,1972,1972-12-19,1973-04-01,In Force,Free Trade Agreement,GATT Art. XXIV,Bilateral; One Party is an RTA,Europe,No,Yes,en,143.0
131,EU - Switzerland - Liechtenstein,"['AUT', 'BEL', 'BGR', 'CHE', 'CYP', 'CZE', 'DEU', 'DNK', 'ESP', 'EST', 'FIN', 'FRA', 'GBR', 'GRC', 'HRV', 'HUN', 'IRL', 'ITA', 'LIE', 'LTU', 'LUX', 'LVA', 'MLT', 'NLD', 'POL', 'PRT', 'ROU', 'SVK', 'SVN', 'SWE']",30,1972,1972-07-22,1973-01-01,In Force,Free Trade Agreement,GATT Art. XXIV,Plurilateral; One Party is an RTA,Europe,No,Yes,en,144.0
132,Global System of Trade Preferences among Developing Countries (GSTP),"['ARG', 'BEN', 'BGD', 'BOL', 'BRA', 'CHL', 'CMR', 'COL', 'CUB', 'DZA', 'ECU', 'EGY', 'GHA', 'GIN', 'GUY', 'IDN', 'IND', 'IRN', 'IRQ', 'KOR', 'LBY', 'LKA', 'MAR', 'MEX', 'MMR', 'MOZ', 'MYS', 'NGA', 'NIC', 'PAK', 'PER', 'PHL', 'PRK', 'SDN', 'SGP', 'THA', 'TTO', 'TUN', 'TZA', 'VEN', 'VNM', 'ZWE']",42,1988,1988-04-13,1989-04-19,In Force,Partial Scope Agreement,Enabling Clause,Plurilateral,Africa; South America; West Asia; Caribbean; East Asia; Middle East; North America; Central America,Yes,No,en,146.0
133,Protocol on Trade Negotiations (PTN),"['BGD', 'BRA', 'CHL', 'EGY', 'ISR', 'KOR', 'MEX', 'PAK', 'PER', 'PHL', 'PRY', 'SRB', 'TUN', 'TUR', 'URY']",15,1971,1971-12-08,1973-02-11,In Force,Partial Scope Agreement,Enabling Clause,Plurilateral,West Asia; South America; Africa; Middle East; East Asia; North America; Europe,Yes,No,en,147.0
134,EU – Overseas Countries and Territories (OCT),"['AIA', 'ANT', 'ATF', 'AUT', 'BEL', 'BGR', 'CYM', 'CYP', 'CZE', 'DEU', 'DNK', 'ESP', 'EST', 'FIN', 'FLK', 'FRA', 'GBR', 'GRC', 'GRL', 'HRV', 'HUN', 'IOT', 'IRL', 'ITA', 'LTU', 'LUX', 'LVA', 'MLT', 'MSR', 'MYT', 'NCL', 'NLD', 'PCN', 'POL', 'PRT', 'PYF', 'ROU', 'SGS', 'SHN', 'SPM', 'SVK', 'SVN', 'SWE', 'TCA', 'VGB', 'WLF']",46,1970,1970-09-29,1971-01-01,In Force,Free Trade Agreement,GATT Art. XXIV,Plurilateral; One Party is an RTA,Caribbean; Europe; Africa; South America; Oceania; North America,Yes,No,en,148.0
135,EFTA - Accession of Iceland,"['CHE', 'ISL', 'LIE', 'NOR']",4,1969,1969-12-04,1970-03-01,In Force,Free Trade Agreement,GATT Art. XXIV,Plurilateral,Europe,No,Yes,en,149.0
136,Tripartite Agreement,[],0,1967,1967-12-23,1968-04-01,Inactive,Partial Scope Agreement,Enabling Clause,Plurilateral,Africa; West Asia; Europe,Yes,No,en,150.0
137,Central American Common Market (CACM),"['CRI', 'GTM', 'HND', 'NIC', 'PAN', 'SLV']",6,1960,1960-12-13,1961-06-04,In Force,Customs Union,GATT Art. XXIV,Plurilateral,Central America,No,Yes,es,151.0
138,European Free Trade Association (EFTA),"['CHE', 'ISL', 'LIE', 'NOR']",4,1960,1960-01-04,1960-05-03,In Force,Free Trade Agreement & Economic Integration Agreement,GATT Art. XXIV & GATS Art. V,Plurilateral,Europe,No,Yes,en,152.0
139,Pakistan - China,"['CHN', 'PAK']",2,2006,2006-11-24,2007-07-01,In Force,Free Trade Agreement & Economic Integration Agreement,GATT Art. XXIV & GATS Art. V,Bilateral,East Asia; West Asia,Yes,Yes,en,153.0
140,EU - Montenegro,"['AUT', 'BEL', 'BGR', 'CYP', 'CZE', 'DEU', 'DNK', 'ESP', 'EST', 'FIN', 'FRA', 'GBR', 'GRC', 'HRV', 'HUN', 'IRL', 'ITA', 'LTU', 'LUX', 'LVA', 'MLT', 'MNE', 'NLD', 'POL', 'PRT', 'ROU', 'SVK', 'SVN', 'SWE']",29,2007,2007-10-15,2008-01-01,In Force,Free Trade Agreement & Economic Integration Agreement,GATT Art. XXIV & GATS Art. V,Bilateral; One Party is an RTA,Europe,No,Yes,en,154.0
141,Australia - China,"['AUS', 'CHN']",2,2015,2015-06-17,2015-12-20,In Force,Free Trade Agreement & Economic Integration Agreement,GATT Art. XXIV & GATS Art. V,Bilateral,Oceania; East Asia,Yes,Yes,en,156.0
142,Australia - Chile,"['AUS', 'CHL']",2,2008,2008-07-30,2009-03-06,In Force,Free Trade Agreement & Economic Integration Agreement,GATT Art. XXIV & GATS Art. V,Bilateral,Oceania; South America,Yes,Yes,en,157.0
143,EFTA - Canada,"['CAN', 'CHE', 'ISL', 'LIE', 'NOR']",5,2008,2008-01-26,2009-07-01,In Force,Free Trade Agreement,GATT Art. XXIV,Bilateral; One Party is an RTA,North America; Europe,Yes,Yes,en,159.0
144,Canada - Colombia,"['CAN', 'COL']",2,2008,2008-11-21,2011-08-15,In Force,Free Trade Agreement & Economic Integration Agreement,GATT Art. XXIV & GATS Art. V,Bilateral,North America; South America,Yes,Yes,en,162.0
145,"EU - Korea, Republic of","['AUT', 'BEL', 'BGR', 'CYP', 'CZE', 'DEU', 'DNK', 'ESP', 'EST', 'FIN', 'FRA', 'GBR', 'GRC', 'HRV', 'HUN', 'IRL', 'ITA', 'KOR', 'LTU', 'LUX', 'LVA', 'MLT', 'NLD', 'POL', 'PRT', 'ROU', 'SVK', 'SVN', 'SWE']",29,2010,2010-10-06,2011-07-01,In Force,Free Trade Agreement & Economic Integration Agreement,GATT Art. XXIV & GATS Art. V,Bilateral; One Party is an RTA,Europe; East Asia,Yes,Yes,en,167.0
146,Canada - Rep. of Korea,"['CAN', 'KOR']",2,2014,2014-09-22,2015-01-01,In Force,Free Trade Agreement & Economic Integration Agreement,GATT Art. XXIV & GATS Art. V,Bilateral,North America; East Asia,Yes,Yes,en,168.0
147,"ASEAN - Korea, Republic of","['BRN', 'IDN', 'KHM', 'KOR', 'LAO', 'MMR', 'MYS', 'PHL', 'SGP', 'THA', 'VNM']",11,2006,2006-08-24,2010-01-01,In Force,Free Trade Agreement & Economic Integration Agreement,,Bilateral; One Party is an RTA,East Asia,No,Yes,en,169.0
148,Japan - Viet Nam,"['JPN', 'VNM']",2,2008,2008-12-25,2009-10-01,In Force,Free Trade Agreement & Economic Integration Agreement,GATT Art. XXIV & GATS Art. V,Bilateral,East Asia,No,Yes,en,170.0
149,Japan - Indonesia,"['IDN', 'JPN']",2,2007,2007-08-20,2008-07-01,In Force,Free Trade Agreement & Economic Integration Agreement,GATT Art. XXIV & GATS Art. V,Bilateral,East Asia,No,Yes,en,172.0
150,India - Japan,"['IND', 'JPN']",2,2011,2011-02-16,2011-08-01,In Force,Free Trade Agreement & Economic Integration Agreement,GATT Art. XXIV & GATS Art. V,Bilateral,West Asia; East Asia,Yes,Yes,en,173.0
151,Japan - Australia,"['AUS', 'JPN']",2,2014,2014-07-08,2015-01-15,In Force,Free Trade Agreement & Economic Integration Agreement,GATT Art. XXIV & GATS Art. V,Bilateral,Oceania; East Asia,Yes,Yes,en,175.0
152,ASEAN - Japan,"['BRN', 'IDN', 'JPN', 'KHM', 'LAO', 'MMR', 'MYS', 'PHL', 'SGP', 'THA', 'VNM']",11,2008,2008-03-26,2008-12-01,In Force,Free Trade Agreement,GATT Art. XXIV,Bilateral; One Party is an RTA,East Asia,No,Yes,en,176.0
153,EFTA - Colombia,"['CHE', 'COL', 'ISL', 'LIE', 'NOR']",5,2008,2008-11-25,2011-07-01,In Force,Free Trade Agreement & Economic Integration Agreement,GATT Art. XXIV & GATS Art. V,Bilateral; One Party is an RTA,South America; Europe,Yes,Yes,en,177.0
154,EFTA - Peru,"['CHE', 'ISL', 'LIE', 'NOR', 'PER']",5,2010,2010-06-24,2011-07-01,In Force,Free Trade Agreement,GATT Art. XXIV,Bilateral; One Party is an RTA,Europe; South America,Yes,Yes,en,178.0
155,Japan - Switzerland,"['CHE', 'JPN']",2,2009,2009-02-19,2009-09-01,In Force,Free Trade Agreement & Economic Integration Agreement,GATT Art. XXIV & GATS Art. V,Bilateral,East Asia; Europe,Yes,Yes,en,179.0
156,US - Peru,"['PER', 'USA']",2,2006,2006-04-12,2009-02-01,In Force,Free Trade Agreement & Economic Integration Agreement,GATT Art. XXIV & GATS Art. V,Bilateral,South America; North America,Yes,Yes,en,180.0
157,US - Panama,"['PAN', 'USA']",2,2007,2007-06-28,2012-10-31,In Force,Free Trade Agreement & Economic Integration Agreement,GATT Art. XXIV & GATS Art. V,Bilateral,Central America; North America,Yes,Yes,en,181.0
158,US - Oman,"['OMN', 'USA']",2,2006,2006-01-19,2009-01-01,In Force,Free Trade Agreement & Economic Integration Agreement,GATT Art. XXIV & GATS Art. V,Bilateral,Middle East; North America,Yes,Yes,en,182.0
159,"Korea, Republic of - US","['KOR', 'USA']",2,2007,2007-06-30,2012-03-15,In Force,Free Trade Agreement & Economic Integration Agreement,GATT Art. XXIV & GATS Art. V,Bilateral,East Asia; North America,Yes,Yes,en,183.0
160,Malaysia - Australia,"['AUS', 'MYS']",2,2012,2012-05-22,2013-01-01,In Force,Free Trade Agreement & Economic Integration Agreement,GATT Art. XXIV & GATS Art. V,Bilateral,Oceania; East Asia,Yes,Yes,en,186.0
161,Pakistan - Malaysia,"['MYS', 'PAK']",2,2007,2007-11-08,2008-01-01,In Force,Free Trade Agreement & Economic Integration Agreement,Enabling Clause & GATS Art. V,Bilateral,East Asia; West Asia,Yes,Yes,en,187.0
162,South Asian Free Trade Agreement (SAFTA),"['AFG', 'BGD', 'BTN', 'IND', 'LKA', 'MDV', 'NPL', 'PAK']",8,2004,2004-01-06,2006-01-01,In Force,Free Trade Agreement,Enabling Clause,Plurilateral,West Asia,No,No,en,188.0
163,Panama - Chile,"['CHL', 'PAN']",2,2006,2006-06-27,2008-03-07,In Force,Free Trade Agreement & Economic Integration Agreement,GATT Art. XXIV & GATS Art. V,Bilateral,South America; Central America,Yes,Yes,es,189.0
164,African Common Market,[],0,1962,1962-04-01,1963-07-01,Inactive,Customs Union,GATT Art. XXIV,Plurilateral,Africa,No,No,en,190.0
165,Albania - Bosnia and Herzegovina,[],0,2003,2003-04-28,2004-12-01,Inactive,Free Trade Agreement,GATT Art. XXIV,Bilateral,Europe,No,No,en,191.0
166,Albania - Bulgaria,[],0,2003,2003-03-26,2003-09-01,Inactive,Free Trade Agreement,GATT Art. XXIV,Bilateral,Europe,No,Yes,en,192.0
167,Albania - Former Yugoslav Republic of Macedonia,[],0,2002,2002-03-29,2002-07-01,Inactive,Free Trade Agreement,GATT Art. XXIV,Bilateral,Europe,No,Yes,en,193.0
168,Albania - Moldova,[],0,2003,2003-11-13,2004-11-01,Inactive,Free Trade Agreement,GATT Art. XXIV,Bilateral,Europe; Commonwealth of Independent States (CIS),Yes,Yes,en,194.0
169,Albania - Romania,[],0,2003,2003-06-01,2004-01-01,Inactive,Free Trade Agreement,GATT Art. XXIV,Bilateral,Europe,No,Yes,en,195.0
170,Albania - Serbia and Montenegro,[],0,2003,2003-11-13,2004-09-01,Inactive,Free Trade Agreement,GATT Art. XXIV,Plurilateral,Europe,No,No,en,196.0
171,Albania - UNMIC/Kosovo,[],0,2003,2003-07-07,2003-10-01,Inactive,Free Trade Agreement,GATT Art. XXIV,Bilateral,Europe,No,No,en,197.0
172,Arab Common Market,[],0,1964,1964-08-13,1965-01-01,Inactive,Customs Union,GATT Art. XXIV,Plurilateral,Africa; Middle East,Yes,No,en,198.0
173,Arusha  Agreement,[],0,1969,1969-09-24,1971-01-01,Inactive,Free Trade Agreement,GATT Art. XXIV,Plurilateral,Europe; Africa,Yes,Yes,en,199.0
174,Australia - New Zealand Free Trade Agreement,[],0,1965,1965-08-31,1966-01-01,Inactive,Free Trade Agreement,GATT Art. XXIV,Bilateral,Oceania,No,Yes,en,200.0
175,Borneo Free Trade Area,['MYS'],1,1961,1961-10-24,1962-01-01,Inactive,Free Trade Agreement,GATT Art. XXIV,,,,,en,201.0
176,Bulgaria - Bosnia and Herzegovina,[],0,2003,2003-10-16,2004-12-01,Inactive,Free Trade Agreement,GATT Art. XXIV,Bilateral,Europe,No,No,en,202.0
177,Bulgaria - Estonia,[],0,2001,2001-12-11,2002-01-01,Inactive,Free Trade Agreement,GATT Art. XXIV,Bilateral,Europe,No,Yes,en,203.0
178,Bulgaria - Former Yugoslav Republic of Macedonia,[],0,1999,1999-10-13,2000-01-01,Inactive,Free Trade Agreement,GATT Art. XXIV,Bilateral,Europe,No,Yes,en,204.0
179,Bulgaria - Israel,[],0,2001,2001-06-08,2002-01-01,Inactive,Free Trade Agreement,GATT Art. XXIV,Bilateral,Europe; Middle East,Yes,Yes,en,205.0
180,Bulgaria - Latvia,[],0,2002,2002-10-16,2003-04-01,Inactive,Free Trade Agreement,GATT Art. XXIV,Bilateral,Europe,No,Yes,en,206.0
181,Bulgaria - Lithuania,[],0,2001,2001-05-08,2002-03-01,Inactive,Free Trade Agreement,GATT Art. XXIV,Bilateral,Europe,No,Yes,en,207.0
182,Bulgaria - Serbia and Montenegro,[],0,2003,2003-11-13,2004-06-01,Inactive,Free Trade Agreement,GATT Art. XXIV,Plurilateral,Europe,No,No,en,208.0
183,Bulgaria - Slovak Republic Free Trade Agreement,[],0,1995,1995-12-08,1996-03-11,Inactive,Free Trade Agreement,GATT Art. XXIV,Bilateral,Europe,No,Yes,en,209.0
184,Bulgaria - Slovenia,[],0,1996,1996-11-22,1997-01-01,Inactive,Free Trade Agreement,GATT Art. XXIV,Bilateral,Europe,No,Yes,en,210.0
185,Bulgaria - Turkey,[],0,1998,1998-07-11,1999-01-01,Inactive,Free Trade Agreement,GATT Art. XXIV,Bilateral,Europe,No,Yes,en,211.0
186,Canada - US Free Trade Agreement (CUSFTA),[],0,1988,1988-01-02,1989-01-01,Inactive,Free Trade Agreement,GATT Art. XXIV,Bilateral,North America,No,Yes,en,212.0
187,Caribbean Free Trade Association (CARIFTA),[],0,1965,1965-12-15,1968-05-01,Inactive,Free Trade Agreement,GATT Art. XXIV,Plurilateral,Caribbean; South America,Yes,No,en,213.0
188,Central American Free Trade Area,[],0,1958,1958-06-10,1959-06-02,Inactive,Free Trade Agreement,GATT Art. XXIV,Plurilateral,Central America,No,Yes,en,214.0
189,Central European Free Trade Agreement (CEFTA),[],0,1992,1992-12-21,1993-03-01,Inactive,Free Trade Agreement,GATT Art. XXIV,Plurilateral,Europe,No,Yes,en,215.0
190,Central European Free Trade Agreement (CEFTA) - Accession of Bulgaria,[],0,1998,1998-07-17,1999-01-01,Inactive,Free Trade Agreement,GATT Art. XXIV,Plurilateral,Europe,No,Yes,en,216.0
191,Central European Free Trade Agreement (CEFTA) - Accession of Romania,[],0,1997,1997-04-12,1997-07-01,Inactive,Free Trade Agreement,GATT Art. XXIV,Plurilateral,Europe,No,Yes,en,217.0
192,Central European Free Trade Agreement (CEFTA) - Accession of Slovenia,[],0,1995,1995-11-25,1996-01-01,Inactive,Free Trade Agreement,GATT Art. XXIV,Plurilateral,Europe,No,Yes,en,218.0
193,Croatia - Albania,[],0,2002,2002-09-27,2003-06-01,Inactive,Free Trade Agreement,GATT Art. XXIV,Bilateral,Europe,No,Yes,en,219.0
194,Croatia - Bosnia and Herzegovina,[],0,2000,2000-12-19,2001-01-01,Inactive,Free Trade Agreement,GATT Art. XXIV,Bilateral,Europe,No,No,en,220.0
195,Croatia - Former Yugoslav Republic of Macedonia,[],0,1997,1997-05-09,1997-10-30,Inactive,Free Trade Agreement,GATT Art. XXIV,Bilateral,Europe,No,Yes,en,221.0
196,Croatia - Serbia and Montenegro,[],0,2004,2004-01-14,2004-07-01,Inactive,Free Trade Agreement,GATT Art. XXIV,Plurilateral,Europe,No,No,en,222.0
197,Czech Republic - Bulgaria Free Trade Agreement,[],0,1995,1995-12-15,1996-06-07,Inactive,Free Trade Agreement,GATT Art. XXIV,Bilateral,Europe,No,Yes,en,223.0
198,Czech Republic - Estonia,[],0,1996,1996-04-19,1998-02-12,Inactive,Free Trade Agreement,GATT Art. XXIV,Bilateral,Europe,No,Yes,en,224.0
199,Czech Republic - Israel,[],0,1996,1996-05-20,1997-12-01,Inactive,Free Trade Agreement,GATT Art. XXIV,Bilateral,Europe; Middle East,Yes,Yes,en,225.0
200,Czech Republic - Latvia,[],0,1996,1996-04-15,1997-09-01,Inactive,Free Trade Agreement,GATT Art. XXIV,Bilateral,Europe,No,Yes,en,226.0
201,Czech Republic - Lithuania,[],0,1996,1996-10-14,1997-07-01,Inactive,Free Trade Agreement,GATT Art. XXIV,Bilateral,Europe,No,Yes,en,227.0
202,Czech Republic - Romania Free Trade Agreement,[],0,1994,1994-10-24,1995-01-01,Inactive,Free Trade Agreement,GATT Art. XXIV,Bilateral,Europe,No,Yes,en,228.0
203,Czech Republic - Slovak Republic Customs Union,[],0,1992,1992-10-29,1993-01-01,Inactive,Customs Union,GATT Art. XXIV,Bilateral,Europe,No,Yes,en,229.0
204,Czech Republic - Slovenia,[],0,1993,1993-12-15,1994-01-01,Inactive,Free Trade Agreement,GATT Art. XXIV,Bilateral,Europe,No,Yes,en,230.0
205,Czech Republic - Turkey,[],0,1997,1997-10-03,1998-09-01,Inactive,Free Trade Agreement,GATT Art. XXIV,Bilateral,Europe,No,Yes,en,231.0
206,EC - Algeria,[],0,1976,1976-04-26,1976-07-01,Inactive,Free Trade Agreement,GATT Art. XXIV,Plurilateral,Africa; Europe,Yes,No,en,232.0
207,EC - Austria Agreement of 1972,[],0,1972,1972-07-22,1972-10-01,Inactive,Free Trade Agreement,GATT Art. XXIV,Plurilateral,Europe,No,Yes,en,234.0
208,EC - Bulgaria Europe Agreement,[],0,1993,1993-03-08,1995-02-01,Inactive,Free Trade Agreement & Economic Integration Agreement,GATT Art. XXIV & GATS Art. V,Plurilateral,Europe,No,Yes,en,235.0
209,EC - Bulgaria Interim Agreement,[],0,1993,1993-03-08,1993-12-31,Inactive,Free Trade Agreement,GATT Art. XXIV,Plurilateral,Europe,No,Yes,en,236.0
210,EC - Cyprus Association Agreement,[],0,1972,1972-12-19,1973-06-01,Inactive,Customs Union,GATT Art. XXIV,Plurilateral,Europe,No,Yes,en,237.0
211,EC - Czech and Slovak Federal Republic Interim Agreement,[],0,1991,1991-12-16,1992-03-01,Inactive,Free Trade Agreement,GATT Art. XXIV,Plurilateral,Europe,No,Yes,en,238.0
212,EC - Czech Republic Europe Agreement,[],0,1993,1993-10-04,1995-02-01,Inactive,Free Trade Agreement & Economic Integration Agreement,GATT Art. XXIV & GATS Art. V,Plurilateral,Europe,No,Yes,en,239.0
213,EC - Egypt Agreement of 1972,[],0,1972,1972-12-18,1973-11-01,Inactive,Free Trade Agreement,GATT Art. XXIV,Plurilateral,Europe; Africa,Yes,Yes,en,240.0
214,EC - Egypt Cooperation Agreement,[],0,1977,1977-01-18,1978-11-01,Inactive,Free Trade Agreement,GATT Art. XXIV,Plurilateral,Europe; Africa,Yes,Yes,en,241.0
215,EC - Estonia Agreement,[],0,1994,1994-07-18,1995-01-01,Inactive,Free Trade Agreement & Economic Integration Agreement,GATT Art. XXIV & GATS Art. V,Plurilateral,Europe,No,Yes,en,243.0
216,EC - Faeroe Islands Agreement of 1992,[],0,1991,1991-12-02,1992-01-01,Inactive,Free Trade Agreement,GATT Art. XXIV,Plurilateral,Europe,No,No,en,244.0
217,EC - Finland Agreement,[],0,1973,1973-10-05,1974-01-01,Inactive,Free Trade Agreement,GATT Art. XXIV,Plurilateral,Europe,No,Yes,en,245.0
218,EC - Greece Additional Protocol,[],0,1975,1975-04-28,1975-07-01,Inactive,Free Trade Agreement,GATT Art. XXIV,Plurilateral,Europe,No,Yes,en,246.0
219,EEC - Greece Association Agreement,[],0,1961,1961-07-09,1962-11-01,Inactive,Customs Union,GATT Art. XXIV,Plurilateral,Europe,No,Yes,en,247.0
220,EC - Hungary Europe Agreement,[],0,1991,1991-12-16,1994-02-01,Inactive,Free Trade Agreement & Economic Integration Agreement,GATT Art. XXIV & GATS Art. V,Plurilateral,Europe,No,Yes,en,248.0
221,EC - Hungary Interim Agreement of 1991,[],0,1991,1991-12-16,1992-03-01,Inactive,Free Trade Agreement,GATT Art. XXIV,Plurilateral,Europe,No,Yes,en,249.0
222,EC - Israel Agreement of 1970,[],0,1970,1970-06-29,1970-10-01,Inactive,Free Trade Agreement,GATT Art. XXIV,Plurilateral,Europe; Middle East,Yes,Yes,en,250.0
223,EC - Latvia Agreement,[],0,1994,1994-07-18,1995-01-01,Inactive,Free Trade Agreement & Economic Integration Agreement,GATT Art. XXIV & GATS Art. V,Plurilateral,Europe,No,Yes,en,254.0
224,EC - Lebanon Cooperation Agreement,[],0,1977,1977-05-03,1978-11-01,Inactive,Free Trade Agreement,GATT Art. XXIV,Plurilateral,Europe; Middle East,Yes,No,en,256.0
225,EC - Lithuania,[],0,1994,1994-07-18,1995-01-01,Inactive,Free Trade Agreement & Economic Integration Agreement,GATT Art. XXIV & GATS Art. V,Plurilateral,Europe,No,Yes,en,258.0
226,EC - Malta Association Agreement,[],0,1970,1970-12-05,1971-04-01,Inactive,Customs Union,GATT Art. XXIV,Plurilateral,Europe,No,Yes,en,259.0
227,EC - Morocco Association Agreement of 1969,[],0,1969,1969-03-31,1969-09-01,Inactive,Free Trade Agreement,GATT Art. XXIV,Plurilateral,Europe; Africa,Yes,Yes,en,260.0
228,EC - Poland Europe Agreement,[],0,1991,1991-12-16,1994-02-01,Inactive,Free Trade Agreement & Economic Integration Agreement,GATT Art. XXIV & GATS Art. V,Bilateral; One Party is an RTA,Europe,No,Yes,en,264.0
229,EC - Poland Interim Agreement of 1991,[],0,1991,1991-12-16,1992-03-01,Inactive,Free Trade Agreement,GATT Art. XXIV,Plurilateral,Europe,No,Yes,en,265.0
230,EC - Portugal Agreement of 1972,[],0,1972,1972-07-22,1973-01-01,Inactive,Free Trade Agreement,GATT Art. XXIV,Plurilateral,Europe,No,Yes,en,266.0
231,EC - Romania Europe Agreement,[],0,1993,1993-02-01,1995-02-01,Inactive,Free Trade Agreement & Economic Integration Agreement,GATT Art. XXIV & GATS Art. V,Plurilateral,Europe,No,Yes,en,268.0
232,EC - Romania Interim Agreement,[],0,1993,1993-02-01,1993-05-01,Inactive,Free Trade Agreement,GATT Art. XXIV,Plurilateral,Europe,No,Yes,en,269.0
233,EC - Slovak Republic Europe Agreement,[],0,1993,1993-10-04,1995-02-01,Inactive,Free Trade Agreement & Economic Integration Agreement,GATT Art. XXIV & GATS Art. V,Plurilateral,Europe,No,Yes,en,270.0
234,EC - Slovenia Cooperation Agreement,[],0,1993,1993-04-05,1993-07-19,Inactive,Free Trade Agreement,GATT Art. XXIV,Plurilateral,Europe,No,Yes,en,272.0
235,EC - Slovenia Europe Agreement,[],0,1996,1996-06-10,1999-02-01,Inactive,Economic Integration Agreement,GATS Art. V,Plurilateral,Europe,No,Yes,en,273.0
236,EC - Slovenia Interim Agreement,[],0,1996,1996-11-11,1997-01-01,Inactive,Free Trade Agreement,GATT Art. XXIV,Plurilateral,Europe,No,Yes,en,274.0
237,EC - Spain Agreement of 1970,[],0,1970,1970-06-29,1970-10-01,Inactive,Free Trade Agreement,GATT Art. XXIV,Plurilateral,Europe,No,Yes,en,275.0
238,EC - Sweden Agreement,[],0,1972,1972-07-22,1973-01-01,Inactive,Free Trade Agreement,GATT Art. XXIV,Plurilateral,Europe,No,Yes,en,276.0
239,EC - Syria Interim Agreement of 1977,[],0,1977,1977-01-18,1977-07-01,Inactive,Free Trade Agreement,GATT Art. XXIV,Plurilateral,Europe,No,Yes,en,277.0
240,EC - Tunisia Association Agreement of 1969,[],0,1969,1969-03-28,1969-09-01,Inactive,Free Trade Agreement,GATT Art. XXIV,Plurilateral,Europe; Africa,Yes,Yes,en,278.0
241,EC - Turkey Additional Protocol,[],0,1970,1970-11-23,1973-01-01,Inactive,Free Trade Agreement,GATT Art. XXIV,Plurilateral,Europe,No,Yes,en,281.0
242,EEC - Turkey Association Agreement of 1963,[],0,1963,1963-09-12,1964-12-01,Inactive,Free Trade Agreement,GATT Art. XXIV,Plurilateral,Europe,No,Yes,en,282.0
243,EC - Turkey Association Agreement of 1973,[],0,1973,1973-06-30,1974-01-01,Inactive,Customs Union,GATT Art. XXIV,Plurilateral,Europe,No,Yes,en,283.0
244,EFTA - Bulgaria,[],0,1993,1993-03-29,1993-07-01,Inactive,Free Trade Agreement,GATT Art. XXIV,Plurilateral,Europe,No,Yes,en,285.0
245,EFTA - Czechoslovakia,"['AUT', 'CHE', 'CZE', 'FIN', 'ISL', 'LIE', 'NOR', 'SVK', 'SWE']",9,1992,1992-03-20,1992-07-01,Inactive,Free Trade Agreement,GATT Art. XXIV,Plurilateral,Europe,No,Yes,en,286.0
246,EFTA - Estonia Free Trade Agreement,[],0,1995,1995-12-07,1996-06-01,Inactive,Free Trade Agreement,GATT Art. XXIV,Plurilateral,Europe,No,Yes,en,288.0
247,EFTA - Hungary Agreement,[],0,1993,1993-03-29,1993-10-01,Inactive,Free Trade Agreement,GATT Art. XXIV,Plurilateral,Europe,No,Yes,en,289.0
248,EFTA - Latvia,[],0,1995,1995-12-07,1996-06-01,Inactive,Free Trade Agreement,GATT Art. XXIV,Plurilateral,Europe,No,Yes,en,290.0
249,EFTA - Lithuania,[],0,1995,1995-12-07,1996-08-01,Inactive,Free Trade Agreement,GATT Art. XXIV,Plurilateral,Europe,No,Yes,en,291.0
250,EFTA - Poland Agreement,[],0,1992,1992-12-10,1993-11-15,Inactive,Free Trade Agreement,GATT Art. XXIV,Plurilateral,Europe,No,Yes,en,292.0
251,EFTA - Romania Free Trade Agreement,[],0,1992,1992-12-10,1993-05-01,Inactive,Free Trade Agreement,GATT Art. XXIV,Plurilateral,Europe,No,Yes,en,293.0
252,EFTA - Slovenia,[],0,1995,1995-06-13,1995-07-01,Inactive,Free Trade Agreement,GATT Art. XXIV,Plurilateral,Europe,No,Yes,en,295.0
253,EFTA - Spain Agreement,[],0,1979,1979-06-26,1980-05-01,Inactive,Free Trade Agreement,GATT Art. XXIV,Plurilateral,Europe,No,Yes,en,296.0
254,El Salvador - Nicaragua Free Trade Area,[],0,1951,1951-03-09,1951-08-21,Inactive,Free Trade Agreement,GATT Art. XXIV,Bilateral,Central America,No,Yes,en,297.0
255,Equatorial Customs Union - Cameroon Association,[],0,1959,1959-06-23,1962-07-01,Inactive,Free Trade Agreement,GATT Art. XXIV,Plurilateral,Africa,No,Yes,en,298.0
256,Estonia - Faeroe Islands,[],0,1997,1997-11-30,1998-12-01,Inactive,Free Trade Agreement,GATT Art. XXIV,Bilateral,Europe,No,No,en,299.0
257,Estonia - Latvia - Lithuania,[],0,1993,1993-09-13,1994-04-01,Inactive,Free Trade Agreement,GATT Art. XXIV,Plurilateral,Europe,No,Yes,en,300.0
258,Estonia - Norway Free Trade Agreement,[],0,1992,1992-06-15,1992-06-15,Inactive,Free Trade Agreement,GATT Art. XXIV,Bilateral,Europe,No,Yes,en,301.0
259,Estonia - Sweden Free Trade Agreement,[],0,1992,1992-03-31,1992-07-01,Inactive,Free Trade Agreement,GATT Art. XXIV,Bilateral,Europe,No,Yes,en,302.0
260,Estonia - Switzerland Free Trade Agreement,[],0,1992,1992-12-21,1993-04-01,Inactive,Free Trade Agreement,GATT Art. XXIV,Bilateral,Europe,No,Yes,en,303.0
261,Estonia - Ukraine,[],0,1995,1995-05-24,1996-03-14,Inactive,Free Trade Agreement,GATT Art. XXIV,Bilateral,Europe; Commonwealth of Independent States (CIS),Yes,Yes,en,304.0
262,Finland - Estonia Protocol,[],0,1992,1992-02-13,1992-12-01,Inactive,Free Trade Agreement,GATT Art. XXIV,Bilateral,Europe,No,Yes,en,307.0
263,Finland - Latvia Protocol,[],0,1992,1992-11-26,1993-07-01,Inactive,Free Trade Agreement,GATT Art. XXIV,Bilateral,Europe,No,Yes,en,310.0
264,Finland - Lithuania Protocol,[],0,1992,1992-06-05,1993-07-01,Inactive,Free Trade Agreement,GATT Art. XXIV,Bilateral,Europe,No,Yes,en,311.0
265,Former Yugoslav Republic of Macedonia  - Bosnia and Herzegovina,[],0,2002,2002-04-24,2002-07-15,Inactive,Free Trade Agreement,GATT Art. XXIV,Bilateral,Europe,No,No,en,314.0
266,Ghana - Upper Volta Trade Agreement,[],0,1961,1961-06-28,1962-05-09,Inactive,Free Trade Agreement,GATT Art. XXIV,Bilateral,Africa,No,Yes,en,315.0
267,Gulf Cooperation Council (GCC),[],0,1981,1981-05-25,1982-01-01,Inactive,Customs Union,Enabling Clause,Plurilateral,Middle East,No,Yes,en,316.0
268,Hungary - Estonia,[],0,1998,1998-11-01,2001-03-01,Inactive,Free Trade Agreement,GATT Art. XXIV,Bilateral,Europe,No,Yes,en,317.0
269,Hungary - Israel,[],0,1997,1997-10-14,1998-02-01,Inactive,Free Trade Agreement,GATT Art. XXIV,Bilateral,Europe; Middle East,Yes,Yes,en,318.0
270,Hungary - Latvia,[],0,1999,1999-06-10,2000-01-01,Inactive,Free Trade Agreement,GATT Art. XXIV,Bilateral,Europe,No,Yes,en,319.0
271,Hungary - Lithuania,[],0,1998,1998-11-13,2000-03-01,Inactive,Free Trade Agreement,GATT Art. XXIV,Bilateral,Europe,No,Yes,en,320.0
272,Hungary - Slovenia Free Trade Agreement,[],0,1994,1994-04-06,1995-01-01,Inactive,Free Trade Agreement,GATT Art. XXIV,Bilateral,Europe,No,Yes,en,321.0
273,Hungary - Turkey,[],0,1997,1997-01-08,1998-04-01,Inactive,Free Trade Agreement,GATT Art. XXIV,Bilateral,Europe,No,Yes,en,322.0
274,Ireland - United Kingdom Free Trade Area,[],0,1965,1965-12-14,1966-07-01,Inactive,Free Trade Agreement,GATT Art. XXIV,Bilateral,Europe,No,Yes,en,323.0
275,Latin American Free Trade Area (LAFTA),[],0,1960,1960-02-18,1961-06-02,Inactive,Free Trade Agreement,GATT Art. XXIV,Plurilateral,South America; North America,Yes,Yes,en,324.0
276,Latvia - Norway Free Trade Agreement,[],0,1992,1992-06-15,1992-06-16,Inactive,Free Trade Agreement,GATT Art. XXIV,Bilateral,Europe,No,Yes,en,325.0
277,Latvia - Sweden Free Trade Agreement,[],0,1992,1992-03-10,1992-07-01,Inactive,Free Trade Agreement,GATT Art. XXIV,Bilateral,Europe,No,Yes,en,326.0
278,Latvia - Switzerland Free Trade Agreement,[],0,1992,1992-12-22,1993-04-01,Inactive,Free Trade Agreement,GATT Art. XXIV,Bilateral,Europe,No,Yes,en,327.0
279,Lithuania - Norway Free Trade Agreement,[],0,1992,1992-06-15,1992-06-16,Inactive,Free Trade Agreement,GATT Art. XXIV,Bilateral,Europe,No,Yes,en,328.0
280,Lithuania - Sweden Free Trade Agreement,[],0,1992,1992-03-17,1992-07-01,Inactive,Free Trade Agreement,GATT Art. XXIV,Bilateral,Europe,No,Yes,en,329.0
281,Lithuania - Switzerland Free-Trade Agreement,[],0,1992,1992-11-24,1993-04-01,Inactive,Free Trade Agreement,GATT Art. XXIV,Bilateral,Europe,No,Yes,en,330.0
282,Moldova - Bosnia and Herzegovina,[],0,2002,2002-12-23,2004-05-01,Inactive,Free Trade Agreement,GATT Art. XXIV,Bilateral,Europe; Commonwealth of Independent States (CIS),Yes,No,en,331.0
283,Moldova - Bulgaria,[],0,2004,2004-05-20,2004-12-01,Inactive,Free Trade Agreement,GATT Art. XXIV,Bilateral,Europe; Commonwealth of Independent States (CIS),Yes,Yes,en,332.0
284,Moldova - Croatia,[],0,2004,2004-02-27,2004-10-01,Inactive,Free Trade Agreement,GATT Art. XXIV,Bilateral,Europe; Commonwealth of Independent States (CIS),Yes,Yes,en,333.0
285,Moldova - Former Yugoslav Republic of Macedonia,[],0,2004,2004-01-28,2004-12-01,Inactive,Free Trade Agreement,GATT Art. XXIV,Bilateral,Commonwealth of Independent States (CIS); Europe,Yes,Yes,en,334.0
286,Moldova - Serbia and Montenegro,"['MDA', 'MNE', 'SRB']",3,2003,2003-11-13,2004-09-01,Inactive,Free Trade Agreement,GATT Art. XXIV,Bilateral,Commonwealth of Independent States (CIS),No,Yes,en,335.0
287,Poland - Faeroe Islands,[],0,1998,1998-11-03,1998-06-01,Inactive,Free Trade Agreement,GATT Art. XXIV,Bilateral,Europe,No,No,en,336.0
288,Poland - Israel,[],0,1998,1998-01-07,1998-03-01,Inactive,Free Trade Agreement,GATT Art. XXIV,Bilateral,Middle East; Europe,Yes,Yes,en,337.0
289,Poland - Latvia,[],0,1997,1997-04-28,1999-06-01,Inactive,Free Trade Agreement,GATT Art. XXIV,Bilateral,Europe,No,Yes,en,338.0
290,Poland - Lithuania,[],0,1996,1996-05-27,1997-12-30,Inactive,Free Trade Agreement,GATT Art. XXIV,Bilateral,Europe,No,Yes,en,339.0
291,Romania - Bosnia and Herzegovina,[],0,2003,2003-04-08,2003-10-24,Inactive,Free Trade Agreement,GATT Art. XXIV,Bilateral,Europe,No,No,en,340.0
292,Romania - Former Yugoslav Republic of Macedonia,[],0,2003,2003-02-07,2004-01-01,Inactive,Free Trade Agreement,GATT Art. XXIV,Bilateral,Europe,No,Yes,en,341.0
293,Romania - Israel,[],0,2001,2001-01-30,2001-07-01,Inactive,Free Trade Agreement,GATT Art. XXIV,Bilateral,Middle East; Europe,Yes,Yes,en,342.0
294,Romania - Moldova,[],0,1994,1994-02-15,1995-01-01,Inactive,Free Trade Agreement,GATT Art. XXIV,Bilateral,Commonwealth of Independent States (CIS); Europe,Yes,Yes,en,343.0
295,Romania - Serbia and Montenegro,"['MNE', 'ROU', 'SRB']",3,2003,2003-12-23,2004-07-01,Inactive,Free Trade Agreement,GATT Art. XXIV,Bilateral,Europe,No,Yes,en,344.0
296,Romania - Turkey,[],0,1997,1997-04-29,1998-02-01,Inactive,Free Trade Agreement,GATT Art. XXIV,Bilateral,Europe,No,Yes,en,345.0
297,Slovak Republic - Estonia,[],0,1996,1996-05-28,1998-03-13,Inactive,Free Trade Agreement,GATT Art. XXIV,Bilateral,Europe,No,Yes,en,346.0
298,Slovak Republic - Israel,[],0,1996,1996-05-22,1997-01-01,Inactive,Free Trade Agreement,GATT Art. XXIV,Bilateral,Middle East; Europe,Yes,Yes,en,347.0
299,Slovak Republic - Latvia,[],0,1996,1996-04-19,1997-07-01,Inactive,Free Trade Agreement,GATT Art. XXIV,Bilateral,Europe,No,Yes,en,348.0
300,Slovak Republic - Lithuania,[],0,1996,1996-11-27,1997-11-14,Inactive,Free Trade Agreement,GATT Art. XXIV,Bilateral,Europe,No,Yes,en,349.0
301,Slovak Republic - Romania Free Trade Agreement,[],0,1994,1994-06-01,1995-01-01,Inactive,Free Trade Agreement,GATT Art. XXIV,Bilateral,Europe,No,Yes,en,350.0
302,Slovak Republic - Turkey,[],0,1997,1997-10-20,1998-08-01,Inactive,Free Trade Agreement,GATT Art. XXIV,Bilateral,Europe,No,Yes,en,352.0
303,Slovenia - Bosnia and Herzegovina,[],0,2001,2001-10-03,2002-01-01,Inactive,Free Trade Agreement,GATT Art. XXIV,Bilateral,Europe,No,No,en,353.0
304,Slovenia - Croatia,[],0,1997,1997-12-12,1998-01-01,Inactive,Free Trade Agreement,GATT Art. XXIV,Bilateral,Europe,No,Yes,en,354.0
305,Slovenia - Estonia,[],0,1996,1996-11-26,1997-01-01,Inactive,Free Trade Agreement,GATT Art. XXIV,Bilateral,Europe,No,Yes,en,355.0
306,Slovenia - Former Yugoslav Republic of Macedonia,[],0,1996,1996-07-01,1996-09-01,Inactive,Free Trade Agreement,GATT Art. XXIV,Bilateral,Europe,No,Yes,en,356.0
307,Slovenia - Israel,[],0,1998,1998-05-13,1998-09-01,Inactive,Free Trade Agreement,GATT Art. XXIV,Bilateral,Middle East; Europe,Yes,Yes,en,357.0
308,Slovenia - Latvia,[],0,1996,1996-04-22,1996-08-01,Inactive,Free Trade Agreement,GATT Art. XXIV,Bilateral,Europe,No,Yes,en,358.0
309,Slovenia - Lithuania,[],0,1996,1996-10-04,1997-03-01,Inactive,Free Trade Agreement,GATT Art. XXIV,Bilateral,Europe,No,Yes,en,359.0
310,South Africa - Southern Rhodesia Customs Union,[],0,1948,1948-12-06,1949-04-01,Inactive,Customs Union,GATT Art. XXIV,Bilateral,Africa,No,Yes,en,360.0
311,Turkey - Estonia,[],0,1997,1997-06-03,1998-07-01,Inactive,Free Trade Agreement,GATT Art. XXIV,Bilateral,Europe,No,Yes,en,361.0
312,Turkey - Latvia,[],0,1998,1998-06-16,2000-07-01,Inactive,Free Trade Agreement,GATT Art. XXIV,Bilateral,Europe,No,Yes,en,362.0
313,Turkey - Lithuania,[],0,1997,1997-06-02,1998-03-01,Inactive,Free Trade Agreement,GATT Art. XXIV,Bilateral,Europe,No,Yes,en,363.0
314,Turkey - Poland,[],0,1999,1999-10-04,2000-05-01,Inactive,Free Trade Agreement,GATT Art. XXIV,Bilateral,Europe,No,Yes,en,364.0
315,Turkey - Slovenia,[],0,1998,1998-05-05,2000-06-01,Inactive,Free Trade Agreement,GATT Art. XXIV,Bilateral,Europe,No,Yes,en,365.0
316,Yaoundé I,[],0,1963,1963-07-20,1964-01-01,Inactive,Free Trade Agreement,GATT Art. XXIV,Plurilateral,Europe; Africa,Yes,No,en,366.0
317,Yaoundé II,[],0,1969,1969-07-29,1971-01-01,Inactive,Free Trade Agreement,GATT Art. XXIV,Plurilateral,Europe; Africa,Yes,No,en,367.0
318,First Convention of Lomé,[],0,1975,1975-02-28,1976-04-01,Inactive,Free Trade Agreement,GATT Art. XXIV,Plurilateral,Caribbean; Europe; Africa; Oceania; South America,Yes,No,en,368.0
319,Second Convention of Lomé,[],0,1979,1979-10-31,1981-01-01,Inactive,Free Trade Agreement,GATT Art. XXIV,Plurilateral,Caribbean; Europe; Africa; Oceania; South America,Yes,No,en,369.0
320,Third Convention of Lomé,[],0,1984,1984-12-08,1986-03-01,Inactive,Free Trade Agreement,GATT Art. XXIV,Plurilateral,Caribbean; Africa; Oceania; Europe; South America,Yes,No,en,370.0
321,Panama  - Dominican Republic,"['DOM', 'PAN']",2,1985,1985-07-17,1987-06-08,In Force,Partial Scope Agreement,Enabling Clause,Bilateral,Caribbean; Central America,Yes,Yes,es,385.0
322,EU - San Marino,"['AUT', 'BEL', 'BGR', 'CYP', 'CZE', 'DEU', 'DNK', 'ESP', 'EST', 'FIN', 'FRA', 'GBR', 'GRC', 'HRV', 'HUN', 'IRL', 'ITA', 'LTU', 'LUX', 'LVA', 'MLT', 'NLD', 'POL', 'PRT', 'ROU', 'SMR', 'SVK', 'SVN', 'SWE']",29,1991,1991-12-16,2002-04-01,In Force,Customs Union,GATT Art. XXIV,Bilateral; One Party is an RTA,Europe,No,No,en,386.0
323,India - Afghanistan,"['AFG', 'IND']",2,2003,2003-03-06,2003-05-13,In Force,Partial Scope Agreement,Enabling Clause,Bilateral,West Asia,No,No,en,389.0
324,India - Nepal,"['IND', 'NPL']",2,2009,2009-10-27,2009-10-27,In Force,Partial Scope Agreement,Enabling Clause,Bilateral,West Asia,No,Yes,en,392.0
325,Guatemala - Chinese Taipei,"['GTM', 'TWN']",2,2005,2005-09-22,2006-07-01,In Force,Free Trade Agreement & Economic Integration Agreement,GATT Art. XXIV & GATS Art. V,Bilateral,East Asia; Central America,Yes,Yes,en,424.0
326,Panama - Chinese Taipei,"['PAN', 'TWN']",2,2003,2003-08-21,2004-01-01,In Force,Free Trade Agreement & Economic Integration Agreement,GATT Art. XXIV & GATS Art. V,Bilateral,East Asia; Central America,Yes,Yes,en,425.0
327,ASEAN - Australia - New Zealand,"['AUS', 'BRN', 'IDN', 'KHM', 'LAO', 'MMR', 'MYS', 'NZL', 'PHL', 'SGP', 'THA', 'VNM']",12,2009,2009-02-27,2010-01-01,In Force,Free Trade Agreement & Economic Integration Agreement,GATT Art. XXIV & GATS Art. V,Plurilateral; One Party is an RTA,Oceania; East Asia,Yes,Yes,en,437.0
328,ASEAN - India,"['BRN', 'IDN', 'IND', 'KHM', 'LAO', 'MMR', 'MYS', 'PHL', 'SGP', 'THA', 'VNM']",11,2009,2009-08-13,2010-01-01,In Force,Free Trade Agreement & Economic Integration Agreement,Enabling Clause & GATS Art. V,Bilateral; One Party is an RTA,East Asia; West Asia,Yes,Yes,en,438.0
329,Chile - Malaysia,"['CHL', 'MYS']",2,2010,2010-11-13,2012-02-25,In Force,Free Trade Agreement,GATT Art. XXIV,Bilateral,South America; East Asia,Yes,Yes,en,453.0
330,Iceland - China,"['CHN', 'ISL']",2,2013,2013-04-15,2014-07-01,In Force,Free Trade Agreement & Economic Integration Agreement,GATT Art. XXIV & GATS Art. V,Bilateral,East Asia; Europe,Yes,Yes,en,454.0
331,EFTA - GCC,"['ARE', 'BHR', 'CHE', 'ISL', 'KWT', 'LIE', 'NOR', 'OMN', 'QAT', 'SAU']",10,2009,2009-06-22,2014-07-01,Early announcement-Signed,Free Trade Agreement & Economic Integration Agreement,,Bilateral; All Parties are RTAs,Middle East; Europe,Yes,Yes,en,462.0
332,EU - Eastern and Southern Africa States Interim EPA,"['AUT', 'BEL', 'BGR', 'CYP', 'CZE', 'DEU', 'DNK', 'ESP', 'EST', 'FIN', 'FRA', 'GBR', 'GRC', 'HRV', 'HUN', 'IRL', 'ITA', 'LTU', 'LUX', 'LVA', 'MDG', 'MLT', 'MUS', 'NLD', 'POL', 'PRT', 'ROU', 'SVK', 'SVN', 'SWE', 'SYC', 'ZWE']",32,2009,2009-08-29,2012-05-14,In Force,Free Trade Agreement,GATT Art. XXIV,Plurilateral; One Party is an RTA,Europe; Africa,Yes,Yes,en,469.0
333,"Hong Kong, China - New Zealand","['HKG', 'NZL']",2,2010,2010-03-29,2011-01-01,In Force,Free Trade Agreement & Economic Integration Agreement,GATT Art. XXIV & GATS Art. V,Bilateral,East Asia; Oceania,Yes,Yes,en,488.0
334,New Zealand - Malaysia,"['MYS', 'NZL']",2,2009,2009-10-26,2010-08-01,In Force,Free Trade Agreement & Economic Integration Agreement,GATT Art. XXIV & GATS Art. V,Bilateral,East Asia; Oceania,Yes,Yes,en,489.0
335,Peru - Singapore,"['PER', 'SGP']",2,2008,2008-05-29,2009-08-01,In Force,Free Trade Agreement & Economic Integration Agreement,GATT Art. XXIV & GATS Art. V,Bilateral,South America; East Asia,Yes,Yes,en,495.0
336,China - Singapore,"['CHN', 'SGP']",2,2008,2008-10-23,2009-01-01,In Force,Free Trade Agreement & Economic Integration Agreement,GATT Art. XXIV & GATS Art. V,Bilateral,East Asia,No,Yes,en,496.0
337,Turkey - Jordan,"['JOR', 'TUR']",2,2009,2009-12-01,2011-03-01,In Force,Free Trade Agreement,GATT Art. XXIV,Bilateral,Middle East; Europe,Yes,Yes,en,502.0
338,Chile - Colombia,"['CHL', 'COL']",2,2006,2006-11-27,2009-05-08,In Force,Free Trade Agreement & Economic Integration Agreement,GATT Art. XXIV & GATS Art. V,Bilateral,South America,No,Yes,es,509.0
339,Peru - Chile,"['CHL', 'PER']",2,2006,2006-08-22,2009-03-01,In Force,Free Trade Agreement & Economic Integration Agreement,GATT Art. XXIV & GATS Art. V,Bilateral,South America,No,Yes,es,514.0
340,MERCOSUR - India,"['ARG', 'BRA', 'IND', 'PRY', 'URY']",5,2004,2004-01-25,2009-06-01,In Force,Partial Scope Agreement,Enabling Clause,Bilateral; One Party is an RTA,South America; West Asia,Yes,Yes,en,520.0
341,El Salvador- Honduras - Chinese Taipei,"['HND', 'SLV', 'TWN']",3,2007,2007-05-07,2008-03-01,In Force,Free Trade Agreement & Economic Integration Agreement,GATT Art. XXIV & GATS Art. V,Plurilateral,East Asia; Central America,Yes,Yes,en,527.0
342,US - Colombia,"['COL', 'USA']",2,2006,2006-11-22,2012-05-15,In Force,Free Trade Agreement & Economic Integration Agreement,GATT Art. XXIV & GATS Art. V,Bilateral,South America; North America,Yes,Yes,en,530.0
343,"Korea, Republic of - Australia","['AUS', 'KOR']",2,2014,2014-04-08,2014-12-12,In Force,Free Trade Agreement & Economic Integration Agreement,GATT Art. XXIV & GATS Art. V,Bilateral,Oceania; East Asia,Yes,Yes,en,537.0
344,Turkey - Chile,"['CHL', 'TUR']",2,2009,2009-07-14,2011-03-01,In Force,Free Trade Agreement,GATT Art. XXIV,Bilateral,South America; Europe,Yes,Yes,en,539.0
345,India - Malaysia,"['IND', 'MYS']",2,2011,2011-02-18,2011-07-01,In Force,Free Trade Agreement & Economic Integration Agreement,Enabling Clause & GATS Art. V,Bilateral,West Asia; East Asia,Yes,Yes,en,544.0
346,Turkey - Albania,"['ALB', 'TUR']",2,2006,2006-12-22,2008-05-01,In Force,Free Trade Agreement,GATT Art. XXIV,Bilateral,Europe,No,Yes,en,560.0
347,Pakistan - Sri Lanka,"['LKA', 'PAK']",2,2002,2002-08-01,2005-06-12,In Force,Free Trade Agreement,Enabling Clause,Bilateral,West Asia,No,Yes,en,561.0
348,India - Bhutan,"['BTN', 'IND']",2,2006,2006-07-28,2006-07-29,In Force,Free Trade Agreement,Enabling Clause,Bilateral,West Asia,No,No,en,562.0
349,EU - Bosnia and Herzegovina,"['AUT', 'BEL', 'BGR', 'BIH', 'CYP', 'CZE', 'DEU', 'DNK', 'ESP', 'EST', 'FIN', 'FRA', 'GBR', 'GRC', 'HRV', 'HUN', 'IRL', 'ITA', 'LTU', 'LUX', 'LVA', 'MLT', 'NLD', 'POL', 'PRT', 'ROU', 'SVK', 'SVN', 'SWE']",29,2008,2008-06-16,2008-07-01,In Force,Free Trade Agreement & Economic Integration Agreement,GATT Art. XXIV & GATS Art. V,Bilateral; One Party is an RTA,Europe,No,No,en,564.0
350,Iceland - Faroe Islands,"['FRO', 'ISL']",2,2005,2005-08-31,2006-11-01,In Force,Free Trade Agreement & Economic Integration Agreement,GATT Art. XXIV & GATS Art. V,Bilateral,Europe,No,No,en,566.0
351,Brunei Darussalam - Japan,"['BRN', 'JPN']",2,2007,2007-06-18,2008-07-31,In Force,Free Trade Agreement & Economic Integration Agreement,GATT Art. XXIV & GATS Art. V,Bilateral,East Asia,No,Yes,en,567.0
352,Canada - Jordan,"['CAN', 'JOR']",2,2009,2009-06-28,2012-10-01,In Force,Free Trade Agreement,GATT Art. XXIV,Bilateral,North America; Middle East,Yes,Yes,en,568.0
353,Ukraine - Azerbaijan,"['AZE', 'UKR']",2,1995,1995-07-28,1996-09-02,In Force,Free Trade Agreement,GATT Art. XXIV,Bilateral,Commonwealth of Independent States (CIS),No,No,en,570.0
354,Ukraine - Belarus,"['BLR', 'UKR']",2,1992,1992-12-17,2006-11-11,In Force,Free Trade Agreement,GATT Art. XXIV,Bilateral,Commonwealth of Independent States (CIS),No,No,en,571.0
355,Ukraine - Kazakhstan,"['KAZ', 'UKR']",2,1994,1994-09-17,1998-10-19,In Force,Free Trade Agreement,GATT Art. XXIV,Bilateral,Commonwealth of Independent States (CIS),No,Yes,en,572.0
356,Ukraine - Former Yugoslav Republic of Macedonia,"['MKD', 'UKR']",2,2001,2001-01-18,2001-07-05,In Force,Free Trade Agreement,GATT Art. XXIV,Bilateral,Europe; Commonwealth of Independent States (CIS),Yes,Yes,en,573.0
357,Ukraine - Moldova,"['MDA', 'UKR']",2,2003,2003-11-13,2005-05-19,In Force,Free Trade Agreement,GATT Art. XXIV,Bilateral,Commonwealth of Independent States (CIS),No,Yes,en,574.0
358,Ukraine - Tajikistan,"['TJK', 'UKR']",2,2001,2001-07-06,2002-07-11,In Force,Free Trade Agreement,GATT Art. XXIV,Bilateral,Commonwealth of Independent States (CIS),No,Yes,en,576.0
359,Ukraine -Turkmenistan,"['TKM', 'UKR']",2,1994,1994-11-05,1995-11-04,In Force,Free Trade Agreement,GATT Art. XXIV,Bilateral,Commonwealth of Independent States (CIS),No,No,en,577.0
360,Ukraine - Uzbekistan,"['UKR', 'UZB']",2,1994,1994-12-29,1996-01-01,In Force,Free Trade Agreement,GATT Art. XXIV,Bilateral,Commonwealth of Independent States (CIS),No,No,en,578.0
361,Common Economic Zone (CEZ),"['BLR', 'KAZ', 'RUS', 'UKR']",4,2003,2003-09-19,2004-05-20,In Force,Free Trade Agreement,GATT Art. XXIV,Plurilateral,Commonwealth of Independent States (CIS),No,No,en,579.0
362,Ukraine - Russian Federation,"['RUS', 'UKR']",2,1993,1993-06-24,1994-02-21,Inactive,Free Trade Agreement,GATT Art. XXIV,Bilateral,Commonwealth of Independent States (CIS),No,Yes,en,580.0
363,Pacific Island Countries Trade Agreement (PICTA),"['COK', 'FJI', 'FSM', 'KIR', 'NIU', 'NRU', 'PNG', 'SLB', 'TON', 'TUV', 'VUT', 'WSM']",12,2001,2001-08-18,2003-04-13,In Force,Free Trade Agreement,Enabling Clause,Plurilateral,Oceania,No,No,en,582.0
364,Agadir Agreement,"['EGY', 'JOR', 'MAR', 'TUN']",4,2004,2004-02-25,2007-03-27,In Force,Free Trade Agreement,Enabling Clause,Plurilateral,Africa; Middle East,Yes,Yes,en,583.0
365,EFTA - Albania,"['ALB', 'CHE', 'ISL', 'LIE', 'NOR']",5,2009,2009-12-17,2010-11-01,In Force,Free Trade Agreement,GATT Art. XXIV,Bilateral; One Party is an RTA,Europe,No,Yes,en,600.0
366,EFTA - Serbia,"['CHE', 'ISL', 'LIE', 'NOR', 'SRB']",5,2009,2009-12-17,2010-10-01,In Force,Free Trade Agreement,GATT Art. XXIV,Bilateral; One Party is an RTA,Europe,No,No,en,603.0
367,EFTA - Ukraine,"['CHE', 'ISL', 'LIE', 'NOR', 'UKR']",5,2010,2010-06-24,2012-06-01,In Force,Free Trade Agreement & Economic Integration Agreement,GATT Art. XXIV & GATS Art. V,Bilateral; One Party is an RTA,Europe; Commonwealth of Independent States (CIS),Yes,Yes,en,604.0
368,EU - CARIFORUM States EPA,"['ATG', 'AUT', 'BEL', 'BGR', 'BHS', 'BLZ', 'BRB', 'CYP', 'CZE', 'DEU', 'DMA', 'DNK', 'DOM', 'ESP', 'EST', 'FIN', 'FRA', 'GBR', 'GRC', 'GRD', 'GUY', 'HRV', 'HUN', 'IRL', 'ITA', 'JAM', 'KNA', 'LCA', 'LTU', 'LUX', 'LVA', 'MLT', 'NLD', 'POL', 'PRT', 'ROU', 'SUR', 'SVK', 'SVN', 'SWE', 'TTO', 'VCT']",42,2008,2008-10-15,2008-11-01,In Force,Free Trade Agreement & Economic Integration Agreement,GATT Art. XXIV & GATS Art. V,Plurilateral; One Party is an RTA,Caribbean; Europe; Central America; South America,Yes,No,en,605.0
369,Canada - Panama,"['CAN', 'PAN']",2,2010,2010-05-14,2013-04-01,In Force,Free Trade Agreement & Economic Integration Agreement,GATT Art. XXIV & GATS Art. V,Bilateral,North America; Central America,Yes,Yes,en,608.0
370,GUAM,"['AZE', 'GEO', 'MDA', 'UKR']",4,2002,2002-07-20,2003-12-10,In Force,Free Trade Agreement & Economic Integration Agreement,GATT Art. XXIV & GATS Art. V,Plurilateral,Commonwealth of Independent States (CIS),No,No,en,620.0
371,EFTA - SACU,"['BWA', 'CHE', 'ISL', 'LIE', 'LSO', 'NAM', 'NOR', 'SWZ', 'ZAF']",9,2006,2006-06-26,2008-05-01,In Force,Free Trade Agreement,GATT Art. XXIV,Bilateral; All Parties are RTAs,Africa; Europe,Yes,Yes,en,621.0
372,Japan - Philippines,"['JPN', 'PHL']",2,2006,2006-09-09,2008-12-11,In Force,Free Trade Agreement & Economic Integration Agreement,GATT Art. XXIV & GATS Art. V,Bilateral,East Asia,No,Yes,en,622.0
373,EU - Côte d'Ivoire,"['AUT', 'BEL', 'BGR', 'CIV', 'CYP', 'CZE', 'DEU', 'DNK', 'ESP', 'EST', 'FIN', 'FRA', 'GBR', 'GRC', 'HRV', 'HUN', 'IRL', 'ITA', 'LTU', 'LUX', 'LVA', 'MLT', 'NLD', 'POL', 'PRT', 'ROU', 'SVK', 'SVN', 'SWE']",29,2008,2008-11-26,2016-09-03,In Force,Free Trade Agreement,GATT Art. XXIV,Bilateral; One Party is an RTA,Europe; Africa,Yes,Yes,en,623.0
374,Chile - India,"['CHL', 'IND']",2,2006,2006-03-08,2007-08-17,In Force,Partial Scope Agreement,Enabling Clause,Bilateral,South America; West Asia,Yes,Yes,en,625.0
375,Turkey - Serbia,"['SRB', 'TUR']",2,2009,2009-06-01,2010-09-01,In Force,Free Trade Agreement,GATT Art. XXIV,Bilateral,Europe,No,No,en,627.0
376,Switzerland - China,"['CHE', 'CHN']",2,2013,2013-07-06,2014-07-01,In Force,Free Trade Agreement & Economic Integration Agreement,GATT Art. XXIV & GATS Art. V,Bilateral,East Asia; Europe,Yes,Yes,en,635.0
377,Turkey - Georgia,"['GEO', 'TUR']",2,2007,2007-11-21,2008-11-01,In Force,Free Trade Agreement,GATT Art. XXIV,Bilateral,Commonwealth of Independent States (CIS); Europe,Yes,Yes,en,636.0
378,Mauritius - Pakistan,"['MUS', 'PAK']",2,2007,2007-07-30,2007-11-30,In Force,Partial Scope Agreement,Enabling Clause,Bilateral,Africa; West Asia,Yes,Yes,en,638.0
379,Rep. of Korea - New Zealand,"['KOR', 'NZL']",2,2015,2015-03-23,2015-12-20,In Force,Free Trade Agreement & Economic Integration Agreement,GATT Art. XXIV & GATS Art. V,Bilateral,East Asia; Oceania,Yes,Yes,en,643.0
380,"Peru - Korea, Republic of","['KOR', 'PER']",2,2011,2011-03-21,2011-08-01,In Force,Free Trade Agreement & Economic Integration Agreement,GATT Art. XXIV & GATS Art. V,Bilateral,East Asia; South America,Yes,Yes,en,645.0
381,Colombia - Mexico,"['COL', 'MEX']",2,1994,1994-06-13,1995-01-01,In Force,Free Trade Agreement & Economic Integration Agreement,GATT Art. XXIV & GATS Art. V,Bilateral,South America; North America,Yes,Yes,es,649.0
382,Mexico - Uruguay,"['MEX', 'URY']",2,2003,2003-11-15,2004-07-15,In Force,Free Trade Agreement & Economic Integration Agreement,GATT Art. XXIV & GATS Art. V,Bilateral,North America; South America,Yes,Yes,es,651.0
383,Peru - Mexico,"['MEX', 'PER']",2,2011,2011-04-06,2012-02-01,In Force,Free Trade Agreement & Economic Integration Agreement,GATT Art. XXIV & GATS Art. V,Bilateral,North America; South America,Yes,Yes,es,662.0
384,China - New Zealand,"['CHN', 'NZL']",2,2008,2008-04-07,2008-10-01,In Force,Free Trade Agreement & Economic Integration Agreement,GATT Art. XXIV & GATS Art. V,Bilateral,East Asia; Oceania,Yes,Yes,en,664.0
385,Peru - China,"['CHN', 'PER']",2,2009,2009-04-28,2010-03-01,In Force,Free Trade Agreement & Economic Integration Agreement,GATT Art. XXIV & GATS Art. V,Bilateral,East Asia; South America,Yes,Yes,en,666.0
386,Nicaragua - Chinese Taipei,"['NIC', 'TWN']",2,2006,2006-06-16,2008-01-01,In Force,Free Trade Agreement & Economic Integration Agreement,GATT Art. XXIV & GATS Art. V,Bilateral,East Asia; Central America,Yes,Yes,en,671.0
387,Canada - Peru,"['CAN', 'PER']",2,2008,2008-05-29,2009-08-01,In Force,Free Trade Agreement & Economic Integration Agreement,GATT Art. XXIV & GATS Art. V,Bilateral,North America; South America,Yes,Yes,en,672.0
388,EU - Central America,"['AUT', 'BEL', 'BGR', 'CRI', 'CYP', 'CZE', 'DEU', 'DNK', 'ESP', 'EST', 'FIN', 'FRA', 'GBR', 'GRC', 'GTM', 'HND', 'HUN', 'IRL', 'ITA', 'LTU', 'LUX', 'LVA', 'MLT', 'NIC', 'NLD', 'PAN', 'POL', 'PRT', 'ROU', 'SLV', 'SVK', 'SVN', 'SWE']",33,2012,2012-06-29,2013-08-01,In Force,Free Trade Agreement & Economic Integration Agreement,GATT Art. XXIV & GATS Art. V,Plurilateral; One Party is an RTA,Europe; Central America,Yes,Yes,en,676.0
389,China - Costa Rica,"['CHN', 'CRI']",2,2010,2010-04-08,2011-08-01,In Force,Free Trade Agreement & Economic Integration Agreement,GATT Art. XXIV & GATS Art. V,Bilateral,East Asia; Central America,Yes,Yes,en,677.0
390,Costa Rica - Singapore,"['CRI', 'SGP']",2,2010,2010-04-06,2013-07-01,In Force,Free Trade Agreement & Economic Integration Agreement,GATT Art. XXIV & GATS Art. V,Bilateral,Central America; East Asia,Yes,Yes,en,678.0
391,EU - Cameroon,"['AUT', 'BEL', 'BGR', 'CMR', 'CYP', 'CZE', 'DEU', 'DNK', 'ESP', 'EST', 'FIN', 'FRA', 'GBR', 'GRC', 'HRV', 'HUN', 'IRL', 'ITA', 'LTU', 'LUX', 'LVA', 'MLT', 'NLD', 'POL', 'PRT', 'ROU', 'SVK', 'SVN', 'SWE']",29,2009,2009-01-15,2014-08-04,In Force,Free Trade Agreement,GATT Art. XXIV,Bilateral; One Party is an RTA,Europe; Africa,Yes,Yes,en,680.0
392,EU - Ukraine,"['AUT', 'BEL', 'BGR', 'CYP', 'CZE', 'DEU', 'DNK', 'ESP', 'EST', 'FIN', 'FRA', 'GBR', 'GRC', 'HRV', 'HUN', 'IRL', 'ITA', 'LTU', 'LUX', 'LVA', 'MLT', 'NLD', 'POL', 'PRT', 'ROU', 'SVK', 'SVN', 'SWE', 'UKR']",29,2014,2014-06-27,2014-04-23,In Force,Free Trade Agreement & Economic Integration Agreement,GATT Art. XXIV & GATS Art. V,Bilateral; One Party is an RTA,Europe; Commonwealth of Independent States (CIS),Yes,Yes,en,681.0
393,Chile - Viet Nam,"['CHL', 'VNM']",2,2011,2011-11-11,2014-01-01,In Force,Free Trade Agreement,GATT Art. XXIV,Bilateral,South America; East Asia,Yes,Yes,en,685.0
394,"EFTA - Hong Kong, China","['CHE', 'HKG', 'ISL', 'LIE', 'NOR']",5,2011,2011-06-21,2012-10-01,In Force,Free Trade Agreement & Economic Integration Agreement,GATT Art. XXIV & GATS Art. V,Bilateral; One Party is an RTA,East Asia; Europe,Yes,Yes,en,689.0
395,EU - Colombia and Peru,"['AUT', 'BEL', 'BGR', 'COL', 'CYP', 'CZE', 'DEU', 'DNK', 'ECU', 'ESP', 'EST', 'FIN', 'FRA', 'GBR', 'GRC', 'HRV', 'HUN', 'IRL', 'ITA', 'LTU', 'LUX', 'LVA', 'MLT', 'NLD', 'PER', 'POL', 'PRT', 'ROU', 'SVK', 'SVN', 'SWE']",31,2012,2012-06-26,2013-03-01,In Force,Free Trade Agreement & Economic Integration Agreement,GATT Art. XXIV & GATS Art. V,Plurilateral; One Party is an RTA,Europe; South America,Yes,Yes,en,692.0
396,Canada - Ukraine,"['CAN', 'UKR']",2,2016,2016-07-11,2017-08-01,In Force,Free Trade Agreement,,Bilateral,North America; Commonwealth of Independent States (CIS),Yes,Yes,en,694.0
397,"Korea, Republic of -  Colombia","['COL', 'KOR']",2,2013,2013-02-21,2016-07-15,In Force,Free Trade Agreement & Economic Integration Agreement,GATT Art. XXIV & GATS Art. V,Bilateral,South America; East Asia,Yes,Yes,en,695.0
398,China - Rep. of Korea,"['CHN', 'KOR']",2,2015,2015-06-01,2015-12-20,In Force,Free Trade Agreement & Economic Integration Agreement,GATT Art. XXIV & GATS Art. V,Bilateral,East Asia,No,Yes,en,697.0
399,"Korea, Republic of - Turkey","['KOR', 'TUR']",2,2012,2012-08-01,2013-05-01,In Force,Free Trade Agreement,GATT Art. XXIV,Bilateral,East Asia; Europe,Yes,Yes,en,699.0
400,Turkey - Montenegro,"['MNE', 'TUR']",2,2008,2008-11-26,2010-03-01,In Force,Free Trade Agreement,GATT Art. XXIV,Bilateral,Europe,No,Yes,en,708.0
401,Rep. of Korea - Viet Nam,"['KOR', 'VNM']",2,2015,2015-05-05,2015-12-20,In Force,Free Trade Agreement & Economic Integration Agreement,GATT Art. XXIV & GATS Art. V,Bilateral,East Asia,No,Yes,en,709.0
402,EU - Serbia,"['AUT', 'BEL', 'BGR', 'CYP', 'CZE', 'DEU', 'DNK', 'ESP', 'EST', 'FIN', 'FRA', 'GBR', 'GRC', 'HRV', 'HUN', 'IRL', 'ITA', 'LTU', 'LUX', 'LVA', 'MLT', 'NLD', 'POL', 'PRT', 'ROU', 'SRB', 'SVK', 'SVN', 'SWE']",29,2008,2008-04-29,2010-02-01,In Force,Free Trade Agreement & Economic Integration Agreement,GATT Art. XXIV & GATS Art. V,Bilateral; One Party is an RTA,Europe,No,No,en,712.0
403,The Cross-Straits Economic Cooperation Framework Agreement (ECFA),"['CHN', 'TWN']",2,2010,2010-06-29,2010-09-12,Early announcement-Signed,Free Trade Agreement & Economic Integration Agreement,,,East Asia,No,Yes,en,713.0
404,"Korea, Republic of - India","['IND', 'KOR']",2,2009,2009-08-07,2010-01-01,In Force,Free Trade Agreement & Economic Integration Agreement,,Bilateral,West Asia; East Asia,Yes,Yes,en,715.0
405,EFTA - Bosnia and Herzegovina,"['BIH', 'CHE', 'ISL', 'LIE', 'NOR']",5,2013,2013-06-24,2015-01-01,In Force,Free Trade Agreement,GATT Art. XXIV,Bilateral; One Party is an RTA,Europe,No,No,en,740.0
406,Costa Rica - Peru,"['CRI', 'PER']",2,2011,2011-05-26,2013-06-01,In Force,Free Trade Agreement & Economic Integration Agreement,GATT Art. XXIV & GATS Art. V,Bilateral,Central America; South America,Yes,Yes,es,741.0
407,Panama - Peru,"['PAN', 'PER']",2,2011,2011-05-25,2012-05-01,In Force,Free Trade Agreement & Economic Integration Agreement,GATT Art. XXIV & GATS Art. V,Bilateral,Central America; South America,Yes,Yes,es,742.0
408,"Hong Kong, China - Chile","['CHL', 'HKG']",2,2012,2012-12-07,2014-10-09,In Force,Free Trade Agreement & Economic Integration Agreement,GATT Art. XXIV & GATS Art. V,Bilateral,South America; East Asia,Yes,Yes,en,746.0
409,Southern Common Market (MERCOSUR) - Southern African Customs Union (SACU),"['ARG', 'BRA', 'BWA', 'LSO', 'NAM', 'PRY', 'SWZ', 'URY', 'ZAF']",9,2008,2008-12-15,2016-04-01,In Force,Partial Scope Agreement,Enabling Clause,Bilateral; All Parties are RTAs,South America; Africa,Yes,Yes,en,752.0
410,"Colombia - Northern Triangle (El Salvador, Guatemala, Honduras)","['COL', 'GTM', 'HND', 'SLV']",4,2007,2007-08-09,2009-11-12,In Force,Free Trade Agreement & Economic Integration Agreement,GATT Art. XXIV & GATS Art. V,Plurilateral,South America; Central America,Yes,Yes,es,755.0
411,EU - Papua New Guinea / Fiji,"['AUT', 'BEL', 'BGR', 'CYP', 'CZE', 'DEU', 'DNK', 'ESP', 'EST', 'FIN', 'FJI', 'FRA', 'GBR', 'GRC', 'HRV', 'HUN', 'IRL', 'ITA', 'LTU', 'LUX', 'LVA', 'MLT', 'NLD', 'PNG', 'POL', 'PRT', 'ROU', 'SVK', 'SVN', 'SWE']",30,2009,2009-07-30,2009-12-20,In Force,Free Trade Agreement,GATT Art. XXIV,Plurilateral; One Party is an RTA,Europe; Oceania,Yes,Yes,en,759.0
412,Japan - Peru,"['JPN', 'PER']",2,2011,2011-05-31,2012-03-01,In Force,Free Trade Agreement & Economic Integration Agreement,GATT Art. XXIV & GATS Art. V,Bilateral,East Asia; South America,Yes,Yes,en,760.0
413,Treaty on a Free Trade Area between members of the Commonwealth of Independent States (CIS),"['ARM', 'BLR', 'KAZ', 'KGZ', 'MDA', 'RUS', 'TJK', 'UKR']",8,2011,2011-10-18,2012-09-20,In Force,Free Trade Agreement,GATT Art. XXIV,Plurilateral,Commonwealth of Independent States (CIS),No,No,en,762.0
414,Dominican Republic - Central America,"['CRI', 'DOM', 'GTM', 'HND', 'NIC', 'SLV']",6,1998,1998-04-16,2001-10-04,In Force,Free Trade Agreement & Economic Integration Agreement,GATT Art. XXIV & GATS Art. V,Plurilateral,Central America; Caribbean,Yes,Yes,es,764.0
415,EFTA - Montenegro,"['CHE', 'ISL', 'LIE', 'MNE', 'NOR']",5,2011,2011-11-14,2012-09-01,In Force,Free Trade Agreement,GATT Art. XXIV,Bilateral; One Party is an RTA,Europe,No,Yes,en,765.0
416,EFTA - Central America (Costa Rica and Panama),"['CHE', 'CRI', 'ISL', 'LIE', 'NOR', 'PAN']",6,2013,2013-06-24,2014-08-19,In Force,Free Trade Agreement & Economic Integration Agreement,GATT Art. XXIV & GATS Art. V,Plurilateral; One Party is an RTA,Central America; Europe,Yes,Yes,en,766.0
417,Mexico - Panama,"['MEX', 'PAN']",2,2014,2014-04-03,2015-07-01,In Force,Free Trade Agreement & Economic Integration Agreement,GATT Art. XXIV & GATS Art. V,Bilateral,North America; Central America,Yes,Yes,es,779.0
418,Turkey - Mauritius,"['MUS', 'TUR']",2,2011,2011-09-09,2013-06-01,In Force,Free Trade Agreement,GATT Art. XXIV,Bilateral,Africa; Europe,Yes,Yes,en,806.0
419,Turkey - Malaysia,"['MYS', 'TUR']",2,2014,2014-04-17,2015-08-01,In Force,Free Trade Agreement,GATT Art. XXIV,Bilateral,East Asia; Europe,Yes,Yes,en,823.0
420,Russian Federation - Belarus,"['BLR', 'RUS']",2,1992,1992-11-13,1993-04-20,Inactive,Free Trade Agreement,GATT Art. XXIV,Bilateral,Commonwealth of Independent States (CIS),No,No,en,828.0
421,Russian Federation - Republic of Moldova,"['MDA', 'RUS']",2,1993,1993-02-09,1993-03-30,Inactive,Free Trade Agreement,GATT Art. XXIV,Bilateral,Commonwealth of Independent States (CIS),No,Yes,en,829.0
422,Russian Federation - Azerbaijan,"['AZE', 'RUS']",2,1992,1992-09-30,1993-02-17,In Force,Free Trade Agreement,GATT Art. XXIV,Bilateral,Commonwealth of Independent States (CIS),No,No,en,830.0
423,Russian Federation - Kazakhstan,"['KAZ', 'RUS']",2,1992,1992-10-22,1993-06-07,Inactive,Free Trade Agreement,GATT Art. XXIV,Bilateral,Commonwealth of Independent States (CIS),No,Yes,en,832.0
424,Russian Federation - Tajikistan,"['RUS', 'TJK']",2,1992,1992-10-10,1993-04-08,Inactive,Free Trade Agreement,GATT Art. XXIV,Bilateral,Commonwealth of Independent States (CIS),No,Yes,en,834.0
425,Japan - Mongolia,"['JPN', 'MNG']",2,2015,2015-02-10,2016-06-07,In Force,Free Trade Agreement & Economic Integration Agreement,GATT Art. XXIV & GATS Art. V,Bilateral,East Asia,No,Yes,en,835.0
426,East African Community (EAC) - Accession of Burundi and Rwanda,"['BDI', 'KEN', 'RWA', 'TZA', 'UGA']",5,2007,2007-06-18,2007-07-01,In Force,Customs Union,Enabling Clause,Plurilateral,Africa,No,Yes,en,838.0
427,EU - Georgia,"['AUT', 'BEL', 'BGR', 'CYP', 'CZE', 'DEU', 'DNK', 'ESP', 'EST', 'FIN', 'FRA', 'GBR', 'GEO', 'GRC', 'HRV', 'HUN', 'IRL', 'ITA', 'LTU', 'LUX', 'LVA', 'MLT', 'NLD', 'POL', 'PRT', 'ROU', 'SVK', 'SVN', 'SWE']",29,2014,2014-06-27,2014-09-01,In Force,Free Trade Agreement & Economic Integration Agreement,GATT Art. XXIV & GATS Art. V,Bilateral; One Party is an RTA,Europe; Commonwealth of Independent States (CIS),Yes,Yes,en,848.0
428,EU - Rep. of  Moldova,"['AUT', 'BEL', 'BGR', 'CYP', 'CZE', 'DEU', 'DNK', 'ESP', 'EST', 'FIN', 'FRA', 'GBR', 'GRC', 'HRV', 'HUN', 'IRL', 'ITA', 'LTU', 'LUX', 'LVA', 'MDA', 'MLT', 'NLD', 'POL', 'PRT', 'ROU', 'SVK', 'SVN', 'SWE']",29,2014,2014-06-27,2014-09-01,In Force,Free Trade Agreement & Economic Integration Agreement,GATT Art. XXIV & GATS Art. V,Bilateral; One Party is an RTA,Europe; Commonwealth of Independent States (CIS),Yes,Yes,en,850.0
429,Russian Federation - Belarus - Kazakhstan,"['BLR', 'KAZ', 'RUS']",3,1995,1995-01-20,1997-12-03,In Force,Customs Union,GATT Art. XXIV,Plurilateral,Commonwealth of Independent States (CIS),No,No,en,857.0
430,Russian Federation - Serbia,"['RUS', 'SRB']",2,2000,2000-08-28,2006-06-03,In Force,Free Trade Agreement,GATT Art. XXIV,Bilateral,Commonwealth of Independent States (CIS); Europe,Yes,No,en,858.0
431,Russian Federation - Uzbekistan,"['RUS', 'UZB']",2,1992,1992-11-13,1993-03-25,In Force,Free Trade Agreement,GATT Art. XXIV,Bilateral,Commonwealth of Independent States (CIS),No,No,en,861.0
432,Russian Federation - Turkmenistan,"['RUS', 'TKM']",2,1992,1992-11-11,1993-04-06,In Force,Free Trade Agreement,GATT Art. XXIV,Bilateral,Commonwealth of Independent States (CIS),No,No,en,862.0
433,Mexico - Central America,"['CRI', 'GTM', 'HND', 'MEX', 'NIC', 'SLV']",6,2011,2011-11-22,2012-09-01,In Force,Free Trade Agreement & Economic Integration Agreement,GATT Art. XXIV & GATS Art. V,Plurilateral,Central America; North America,Yes,Yes,es,863.0
434,Ukraine - Montenegro,"['MNE', 'UKR']",2,2011,2011-11-18,2013-01-01,In Force,Free Trade Agreement & Economic Integration Agreement,GATT Art. XXIV & GATS Art. V,Bilateral,Europe; Commonwealth of Independent States (CIS),Yes,Yes,en,868.0
435,India - Thailand,"['IND', 'THA']",2,2003,2003-10-09,2004-09-01,In Force,Partial Scope Agreement,Enabling Clause,Bilateral,West Asia; East Asia,Yes,Yes,en,873.0
436,New Zealand - Chinese Taipei,"['NZL', 'TWN']",2,2013,2013-07-10,2013-12-01,In Force,Free Trade Agreement & Economic Integration Agreement,GATT Art. XXIV & GATS Art. V,Bilateral,East Asia; Oceania,Yes,Yes,en,874.0
437,El Salvador - Cuba,"['CUB', 'SLV']",2,2011,2011-09-19,2012-08-01,In Force,Partial Scope Agreement,Enabling Clause,Bilateral,Caribbean; Central America,Yes,Yes,es,881.0
438,Pacific Alliance,"['CHL', 'COL', 'MEX', 'PER']",4,2014,2014-02-10,2016-05-01,In Force,Free Trade Agreement & Economic Integration Agreement,GATT Art. XXIV & GATS Art. V,Plurilateral,South America; North America,Yes,Yes,es,889.0
439,Singapore - Chinese Taipei,"['SGP', 'TWN']",2,2013,2013-11-07,2014-04-19,In Force,Free Trade Agreement & Economic Integration Agreement,GATT Art. XXIV & GATS Art. V,Bilateral,East Asia,No,Yes,en,890.0
440,Eurasian Economic Union (EAEU),"['ARM', 'BLR', 'KAZ', 'KGZ', 'RUS']",5,2014,2014-05-29,2015-01-01,In Force,Customs Union & Economic Integration Agreement,GATT Art. XXIV & GATS Art. V,Plurilateral,Commonwealth of Independent States (CIS),No,No,en,909.0
441,Eurasian Economic Union (EAEU) - Accession of Armenia,"['ARM', 'BLR', 'KAZ', 'RUS']",4,2014,2014-10-10,2015-01-02,In Force,Customs Union & Economic Integration Agreement,GATT Art. XXIV & GATS Art. V,Plurilateral,Commonwealth of Independent States (CIS),No,No,en,910.0
442,Canada - Honduras,"['CAN', 'HND']",2,2013,2013-11-05,2014-10-01,In Force,Free Trade Agreement & Economic Integration Agreement,GATT Art. XXIV & GATS Art. V,Bilateral,North America; Central America,Yes,Yes,en,911.0
443,Gulf Cooperation Council (GCC) - Singapore,"['ARE', 'BHR', 'KWT', 'OMN', 'QAT', 'SAU', 'SGP']",7,2008,2008-12-15,2013-09-01,In Force,Free Trade Agreement & Economic Integration Agreement,Enabling Clause & GATS Art. V,Bilateral; One Party is an RTA,Middle East; East Asia,Yes,Yes,en,921.0
444,Eurasian Economic Union (EAEU) - Accession of the Kyrgyz Republic,"['ARM', 'BLR', 'KAZ', 'KGZ', 'RUS']",5,2014,2014-12-23,2015-08-12,In Force,Customs Union & Economic Integration Agreement,GATT Art. XXIV & GATS Art. V,Plurilateral,Commonwealth of Independent States (CIS),No,No,en,922.0
445,"Turkey - Moldova, Republic of","['MDA', 'TUR']",2,2014,2014-09-11,2016-11-01,In Force,Free Trade Agreement,GATT Art. XXIV,Bilateral,Commonwealth of Independent States (CIS); Europe,Yes,Yes,en,931.0
446,EFTA - Philippines,"['CHE', 'ISL', 'LIE', 'NOR', 'PHL']",5,2016,2016-04-28,,Early announcement-Signed,Free Trade Agreement & Economic Integration Agreement,,Bilateral; One Party is an RTA,Europe; East Asia,Yes,Yes,en,954.0
447,Eurasian Economic Union (EAEU) - Viet Nam,"['ARM', 'BLR', 'KAZ', 'KGZ', 'RUS', 'VNM']",6,2015,2015-05-29,2016-10-05,In Force,Free Trade Agreement & Economic Integration Agreement,GATT Art. XXIV & GATS Art. V,Bilateral; One Party is an RTA,Commonwealth of Independent States (CIS); East Asia,Yes,No,en,973.0
448,EU - Ghana,"['AUT', 'BEL', 'BGR', 'CYP', 'CZE', 'DEU', 'DNK', 'ESP', 'EST', 'FIN', 'FRA', 'GBR', 'GHA', 'GRC', 'HRV', 'HUN', 'IRL', 'ITA', 'LTU', 'LUX', 'LVA', 'MLT', 'NLD', 'POL', 'PRT', 'ROU', 'SVK', 'SVN', 'SWE']",29,2016,2016-07-28,2016-12-15,In Force,Free Trade Agreement,GATT Art. XXIV,Bilateral; One Party is an RTA,Europe; Africa,Yes,Yes,en,1002.0
449,Trans-Pacific Partnership,"['AUS', 'BRN', 'CAN', 'CHL', 'JPN', 'MEX', 'MYS', 'NZL', 'PER', 'SGP', 'USA', 'VNM']",12,2016,2016-02-03,,Early announcement-Signed,Free Trade Agreement,,Plurilateral,East Asia; North America; South America,Yes,Yes,en,
