pta_id,name,parties,n_parties,year,date_signed,date_into_force,status,type,notification,composition,region,crossregional,parties_wto,language,wto_rta_id,template_flag,template_exporter,is_template,is_us_tpa,is_eu_template,is_plurilateral,n_g20_parties,asymmetry_type,asymmetry_note,alschner_cluster,agreement_name,current_signatories,original_signatories,rta_composition,text_of_the_agreement,annexes_related_documents,annexes,document_type,factual_presentation_g_s,factual_presentation_g,central_european_free_trade_agreement_cefta_secretariat,european_free_trade_association_efta,remarks,southern_african_customs_union_sacu,factual_presentation_s,eu_treaty,european_commission,t_rkiye_ministry_of_trade,text_of_the_agreement_unnofficial_translation,secretariat_general_of_the_gulf_cooperation_council_gcc,mexico_central_america,office_of_the_united_states_trade_representative,factual_abstract_g,economic_community_of_west_african_states_ecowas,bilateral_protocol_and_annexes,asean_free_trade_area_afta,additional_protocol,southern_african_development_community_sadc_accession_of_seychelles,southern_african_development_community_sadc,trade_in_goods,trade_in_services,annexes_goods,annexes_services,annex_7_tourism,treaty_on_a_free_trade_area_between_members_of_the_commonwealth_of_independent_states_cis,russian_federation_ministry_of_foreign_affairs,republic_of_moldova_ministry_of_economy_and_infrastructure,ukraine_ministry_for_development_of_economy_trade_and_agriculture,factual_abstract_s,central_european_free_trade_agreement_cefta_2006,t_rkiye_bosnia_and_herzegovina,latin_american_integration_association_laia,east_african_community_eac_accession_of_burundi_and_rwanda,east_african_community_eac,commission_de_la_communaut_economique,revised_treaty,l_union_economique_et_mon_taire_ouest_africaine,commonwealth_of_independent_states_cis
1,Japan - Thailand,"['JPN', 'THA']",2,2007,2007-04-03,2007-11-01,In Force,Free Trade Agreement & Economic Integration Agreement,GATT Art. XXIV & GATS Art. V,Bilateral,East Asia,No,Yes,en,1,japan_epa_template,JPN,True,False,False,False,1,bilateral_asymmetric,"JPN template exported to smaller partner (japan_epa_template). High CCS may reflect imposition, not organic completeness.",modern_global,Japan - Thailand,Japan; Thailand,Japan; Thailand,Bilateral,E,,E,Language,E F S,,,,,,,,,,,,,,,,,,,,,,,,,,,,,,,,,,,,,,,
2,Egypt - Turkey,"['EGY', 'TUR']",2,2005,2005-12-27,2007-03-01,In Force,Free Trade Agreement,Enabling Clause,Bilateral,Africa; Europe,Yes,Yes,en,2,none,,False,False,False,False,1,bilateral_asymmetric,"One major economy, one smaller partner — possible power asymmetry but no known template detected. Treat with caution.",modern_global,Egypt - Türkiye,Egypt; Türkiye,Egypt; Türkiye,Bilateral,E,,E,Language,,E F S,,,,,,,,,,,,,,,,,,,,,,,,,,,,,,,,,,,,,,
3,Chile - Japan,"['CHL', 'JPN']",2,2007,2007-03-27,2007-09-03,In Force,Free Trade Agreement & Economic Integration Agreement,GATT Art. XXIV & GATS Art. V,Bilateral,South America; East Asia,Yes,Yes,en,3,japan_epa_template,JPN,True,False,False,False,1,bilateral_asymmetric,"JPN template exported to smaller partner (japan_epa_template). High CCS may reflect imposition, not organic completeness.",modern_global,Chile - Japan,Chile; Japan,Chile; Japan,Bilateral,E S,,E S,Language,E F S,,,,,,,,,,,,,,,,,,,,,,,,,,,,,,,,,,,,,,,
4,Central European Free Trade Agreement (CEFTA) 2006,"['ALB', 'BIH', 'MDA', 'MKD', 'MNE', 'RKS', 'SRB']",7,2006,2006-12-19,2007-05-01,In Force,Free Trade Agreement,GATT Art. XXIV,Plurilateral,Europe; Commonwealth of Independent States (CIS),Yes,No,en,4,none,,False,False,False,True,0,plurilateral_symmetric,"7-party agreement, no dominant template detected. G20 members present: 0",modern_global,Central European Free Trade Agreement (CEFTA) 2006,"Albania; Bosnia and Herzegovina; Kosovo (under UNSC res. 1244); Moldova, Republic of; Montenegro; North Macedonia; Serbia","Albania; Bosnia and Herzegovina; Bulgaria; Croatia; Kosovo (under UNSC res. 1244); Moldova, Republic of; Montenegro; North Macedonia; Romania; Serbia",Plurilateral,E,,E,Language,,E F S,Central European Free Trade Agreement (CEFTA) Secretariat,,,,,,,,,,,,,,,,,,,,,,,,,,,,,,,,,,,,,
5,EFTA - Egypt,"['CHE', 'EGY', 'ISL', 'LIE', 'NOR']",5,2007,2007-01-27,2007-08-01,In Force,Free Trade Agreement,GATT Art. XXIV,Bilateral; One Party is an RTA,Africa; Europe,Yes,Yes,en,5,none,,False,False,False,True,0,plurilateral_symmetric,"5-party agreement, no dominant template detected. G20 members present: 0",modern_global,EFTA - Egypt,Egypt; Iceland; Liechtenstein; Norway; Switzerland,Egypt; Iceland; Liechtenstein; Norway; Switzerland,Bilateral; One Party is an RTA,E,,E,Language,,E F S,,European Free Trade Association (EFTA),"Notification of the entry into force of Decision No. 1 of 2014 of the Joint EFTA-Egypt Committee, concerning amendments to Protocol A, concerning processed agricultural products. 

Extends the application of Protocol A for two years, until 31 July 2016, to allow for negotiations pursuant to Article 4 of Protocol A.",,,,,,,,,,,,,,,,,,,,,,,,,,,,,,,,,,,
6,Southern African Customs Union (SACU),"['BWA', 'LSO', 'NAM', 'SWZ', 'ZAF']",5,2002,2002-10-21,2004-07-15,In Force,Customs Union,GATT Art. XXIV,Plurilateral,Africa,No,Yes,en,7,none,,False,False,False,True,1,plurilateral_symmetric,"5-party agreement, no dominant template detected. G20 members present: 1",modern_global,Southern African Customs Union (SACU),Botswana; Eswatini; Lesotho; Namibia; South Africa,Botswana; Eswatini; Lesotho; Namibia; South Africa,Plurilateral,E,,E,Language,,E F S,,,,Southern African Customs Union (SACU),,,,,,,,,,,,,,,,,,,,,,,,,,,,,,,,,,
7,Chile - China,"['CHL', 'CHN']",2,2005,2005-11-18,2006-10-01,In Force,Free Trade Agreement & Economic Integration Agreement,GATT Art. XXIV & GATS Art. V,Bilateral,South America; East Asia,Yes,Yes,en,8,china_template,CHN,True,False,False,False,1,bilateral_asymmetric,"CHN template exported to smaller partner (china_template). High CCS may reflect imposition, not organic completeness.",modern_global,Chile - China,Chile; China,Chile; China,Bilateral,E S,,E S,Language,,E F S,,,"The Protocol to Amend the Free Trade Agreement and the Supplementary Agreement on Trade in Services of the Free Trade Agreement between the Government of the Republic of Chile and the Government of the People's Republic of China (hereinafter referred to as ""the Protocol"") has integrated and upgraded the Free Trade Agreement and its Supplementary Agreement on Trade in Services, further raising the liberalization level of tariff concession and service commitments. The Protocol has also optimized the rules of origin and its procedures for implementation, increased areas of economic and technical cooperation. Furthermore, the Protocol added new chapters of Customs Procedures and Trade Facilitation, E-commerce, Competition and Environment and trade.",,E F S,,,,,,,,,,,,,,,,,,,,,,,,,,,,,,,,,
8,Trans-Pacific Strategic Economic Partnership,"['BRN', 'CHL', 'NZL', 'SGP']",4,2005,2005-07-18,2006-05-28,In Force,Free Trade Agreement & Economic Integration Agreement,GATT Art. XXIV & GATS Art. V,Plurilateral,East Asia; South America; Oceania,Yes,Yes,en,9,none,,False,False,False,True,0,plurilateral_symmetric,"4-party agreement, no dominant template detected. G20 members present: 0",modern_global,Trans-Pacific Strategic Economic Partnership,Brunei Darussalam; Chile; New Zealand; Singapore,Brunei Darussalam; Chile; New Zealand; Singapore,Plurilateral,E S,,E S,Language,E F S,,,,,,,,,,,,,,,,,,,,,,,,,,,,,,,,,,,,,,,
9,India - Singapore,"['IND', 'SGP']",2,2005,2005-06-29,2005-08-01,In Force,Free Trade Agreement & Economic Integration Agreement,GATT Art. XXIV & GATS Art. V,Bilateral,West Asia; East Asia,Yes,Yes,en,10,none,,False,False,False,False,1,bilateral_asymmetric,"One major economy, one smaller partner — possible power asymmetry but no known template detected. Treat with caution.",modern_global,India - Singapore,India; Singapore,India; Singapore,Bilateral,E,,E,Language,E F S,,,,,,,,,,,,,,,,,,,,,,,,,,,,,,,,,,,,,,,
10,Panama - Singapore,"['PAN', 'SGP']",2,2006,2006-03-01,2006-07-24,In Force,Free Trade Agreement & Economic Integration Agreement,GATT Art. XXIV & GATS Art. V,Bilateral,Central America; East Asia,Yes,Yes,en,11,none,,False,False,False,False,0,bilateral_symmetric,South-South or peer agreement — no asymmetry signals detected. CCS reflects genuine bilateral negotiation.,modern_global,Panama - Singapore,Panama; Singapore,Panama; Singapore,Bilateral,E S,,E S,Language,E F S,,,,,,,,,,,,,,,,,,,,,,,,,,,,,,,,,,,,,,,
11,EU - Albania,"['ALB', 'AUT', 'BEL', 'BGR', 'CYP', 'CZE', 'DEU', 'DNK', 'ESP', 'EST', 'FIN', 'FRA', 'GBR', 'GRC', 'HRV', 'HUN', 'IRL', 'ITA', 'LTU', 'LUX', 'LVA', 'MLT', 'NLD', 'POL', 'PRT', 'ROU', 'SVK', 'SVN', 'SWE']",29,2006,2006-06-12,2006-12-01,In Force,Free Trade Agreement & Economic Integration Agreement,GATT Art. XXIV & GATS Art. V,Bilateral; One Party is an RTA,Europe,No,Yes,en,12,none,,False,False,False,True,4,plurilateral_symmetric,"29-party agreement, no dominant template detected. G20 members present: 4",modern_global,EU - Albania,Albania; Austria; Belgium; Bulgaria; Croatia; Cyprus; Czech Republic; Denmark; Estonia; Finland; France; Germany; Greece; Hungary; Ireland; Italy; Latvia; Lithuania; Luxembourg; Malta; Netherlands; Poland; Portugal; Romania; Slovak Republic; Slovenia; Spain; Sweden,Albania; Austria; Belgium; Cyprus; Czech Republic; Denmark; Estonia; Finland; France; Germany; Greece; Hungary; Ireland; Italy; Latvia; Lithuania; Luxembourg; Malta; Netherlands; Poland; Portugal; Slovak Republic; Slovenia; Spain; Sweden; United Kingdom,Bilateral; One Party is an RTA,E,,E,Language,,E F S,,,,,E F S,EU Treaty,European Commission,,,,,,,,,,,,,,,,,,,,,,,,,,,,,,,
12,Turkey - Syria,"['SYR', 'TUR']",2,2004,2004-12-23,2007-01-01,In Force,Free Trade Agreement,GATT Art. XXIV,Bilateral,Middle East; Europe,Yes,No,en,13,none,,False,False,False,False,1,bilateral_asymmetric,"One major economy, one smaller partner — possible power asymmetry but no known template detected. Treat with caution.",modern_global,Türkiye - Syrian Arab Republic,Syrian Arab Republic; Türkiye,Syrian Arab Republic; Türkiye,Bilateral,E,,E,,,,,,,,,,,"Türkiye, Ministry of Trade",,,,,,,,,,,,,,,,,,,,,,,,,,,,,,
13,EFTA - Lebanon,"['CHE', 'ISL', 'LBN', 'LIE', 'NOR']",5,2004,2004-06-24,2007-01-01,In Force,Free Trade Agreement,GATT Art. XXIV,Bilateral; One Party is an RTA,Europe; Middle East,Yes,No,en,15,none,,False,False,False,True,0,plurilateral_symmetric,"5-party agreement, no dominant template detected. G20 members present: 0",modern_global,EFTA - Lebanon,Iceland; Liechtenstein; Norway; Switzerland; Lebanese Republic,Iceland; Liechtenstein; Norway; Switzerland; Lebanese Republic,Bilateral; One Party is an RTA,E,,E,,,,,European Free Trade Association (EFTA),"Notification of the entry into force of Decision No. 1 of 2011 of the Joint EFTA-Lebanon Committee concerning the replacement of the Table to Annex IV by the Annex to this Decision. 

The Decision introduces adjustments in the HS structure of the Table to Annex IV to the Agreement. These adjustments are due to the amendments of the Nomenclature appended to the International Convention on the Harmonized Commodity Description and Coding System (HS), which entered into force on 1 January 2007.",,,,,,,,,,,,,,,,,,,,,,,,,,,,,,,,,,,
14,Pan-Arab Free Trade Area (PAFTA),"['ARE', 'BHR', 'EGY', 'IRQ', 'JOR', 'KWT', 'LBN', 'LBY', 'MAR', 'OMN', 'QAT', 'SAU', 'SDN', 'SYR', 'TUN', 'YEM']",16,1997,1997-02-19,1998-01-01,In Force,Free Trade Agreement,GATT Art. XXIV,Plurilateral,Middle East; Africa,Yes,No,en,16,none,,False,False,False,True,1,plurilateral_symmetric,"16-party agreement, no dominant template detected. G20 members present: 1",modern_global,Pan-Arab Free Trade Area (PAFTA),"Bahrain, Kingdom of; Egypt; Iraq; Jordan; Kuwait, the State of; Lebanese Republic; Libya; Morocco; Oman; Qatar; Saudi Arabia, Kingdom of; Sudan; Syrian Arab Republic; Tunisia; United Arab Emirates; Yemen","Bahrain, Kingdom of; Egypt; Iraq; Jordan; Kuwait, the State of; Lebanese Republic; Libya; Morocco; Oman; Qatar; Saudi Arabia, Kingdom of; Sudan; Syrian Arab Republic; Tunisia; United Arab Emirates; Yemen",Plurilateral,,,,,,,,,,,,,,,E,,,,,,,,,,,,,,,,,,,,,,,,,,,,,
15,Gulf Cooperation Council (GCC),"['ARE', 'BHR', 'KWT', 'OMN', 'QAT', 'SAU']",6,2001,2001-12-31,2003-01-01,In Force,Customs Union,,Plurilateral,Middle East,No,Yes,en,17,none,,False,False,False,True,1,plurilateral_symmetric,"6-party agreement, no dominant template detected. G20 members present: 1",modern_global,Gulf Cooperation Council (GCC),"Bahrain, Kingdom of; Kuwait, the State of; Oman; Qatar; Saudi Arabia, Kingdom of; United Arab Emirates","Bahrain, Kingdom of; Kuwait, the State of; Oman; Qatar; Saudi Arabia, Kingdom of; United Arab Emirates",Plurilateral,E,,,,,,,,,,,,,,,Secretariat General of the Gulf Cooperation Council (GCC),,,,,,,,,,,,,,,,,,,,,,,,,,,,
16,EU - Algeria,"['AUT', 'BEL', 'BGR', 'CYP', 'CZE', 'DEU', 'DNK', 'DZA', 'ESP', 'EST', 'FIN', 'FRA', 'GBR', 'GRC', 'HRV', 'HUN', 'IRL', 'ITA', 'LTU', 'LUX', 'LVA', 'MLT', 'NLD', 'POL', 'PRT', 'ROU', 'SVK', 'SVN', 'SWE']",29,2002,2002-04-22,2005-09-01,In Force,Free Trade Agreement,GATT Art. XXIV,Bilateral; One Party is an RTA,Africa; Europe,Yes,No,en,18,none,,False,False,False,True,4,plurilateral_symmetric,"29-party agreement, no dominant template detected. G20 members present: 4",modern_global,EU - Algeria,Algeria; Austria; Belgium; Bulgaria; Croatia; Cyprus; Czech Republic; Denmark; Estonia; Finland; France; Germany; Greece; Hungary; Ireland; Italy; Latvia; Lithuania; Luxembourg; Malta; Netherlands; Poland; Portugal; Romania; Slovak Republic; Slovenia; Spain; Sweden,Algeria; Austria; Belgium; Cyprus; Czech Republic; Denmark; Estonia; Finland; France; Germany; Greece; Hungary; Ireland; Italy; Latvia; Lithuania; Luxembourg; Malta; Netherlands; Poland; Portugal; Slovak Republic; Slovenia; Spain; Sweden; United Kingdom,Bilateral; One Party is an RTA,E F S,,E F S,,,,,,,,,EU Treaty,,,,,,,,,,,,,,,,,,,,,,,,,,,,,,,,
17,US - Bahrain,"['BHR', 'USA']",2,2005,2005-09-14,2006-08-01,In Force,Free Trade Agreement & Economic Integration Agreement,GATT Art. XXIV & GATS Art. V,Bilateral,Middle East; North America,Yes,Yes,en,19,us_tpa_template,USA,True,True,False,False,1,bilateral_asymmetric,"USA template exported to smaller partner (us_tpa_template). High CCS may reflect imposition, not organic completeness.",modern_global,United States - Bahrain,"Bahrain, Kingdom of; United States of America","Bahrain, Kingdom of; United States of America",Bilateral,E,,E,Language,E F S,,,,,,,,,,,,,,,,,,,,,,,,,,,,,,,,,,,,,,,
18,Costa Rica - Mexico,"['CRI', 'MEX']",2,1994,1994-04-05,1995-01-01,Inactive,Free Trade Agreement & Economic Integration Agreement,GATT Art. XXIV & GATS Art. V,Bilateral,Central America; North America,Yes,Yes,es,20,none,,False,False,False,False,1,bilateral_asymmetric,"One major economy, one smaller partner — possible power asymmetry but no known template detected. Treat with caution.",modern_global,Costa Rica - Mexico,,Costa Rica; Mexico,Bilateral,,,,Language,E F S,,,,,,,,,,,,Mexico - Central America,,,,,,,,,,,,,,,,,,,,,,,,,,,
19,"EFTA - Korea, Republic of","['CHE', 'ISL', 'KOR', 'LIE', 'NOR']",5,2005,2005-12-15,2006-09-01,In Force,Free Trade Agreement & Economic Integration Agreement,GATT Art. XXIV & GATS Art. V,Bilateral; One Party is an RTA,Europe; East Asia,Yes,Yes,en,21,none,,False,False,False,True,1,plurilateral_symmetric,"5-party agreement, no dominant template detected. G20 members present: 1",modern_global,"EFTA - Korea, Republic of","Iceland; Liechtenstein; Norway; Switzerland; Korea, Republic of","Iceland; Liechtenstein; Norway; Switzerland; Korea, Republic of",Bilateral; One Party is an RTA,E,,E,Language,E F S,,,European Free Trade Association (EFTA),"Notification of the entry into force of Decision No. 1 of 2020 of the Joint EFTA-Korea Committee concerning amendments to Annex I to the Agreement on Rules of Origin and Customs Procedures.

Amendments to the HS structure of Appendix 2 and Appendix 4 to Annex I, in line with amendments to the Nomenclature appended to the International Convention on the Harmonized Commodity Description and Coding System (HS), which entered into force on 1 January 2017.",,,,,,,,,,,,,,,,,,,,,,,,,,,,,,,,,,,
20,Japan - Malaysia,"['JPN', 'MYS']",2,2005,2005-12-13,2006-07-13,In Force,Free Trade Agreement & Economic Integration Agreement,GATT Art. XXIV & GATS Art. V,Bilateral,East Asia,No,Yes,en,22,japan_epa_template,JPN,True,False,False,False,1,bilateral_asymmetric,"JPN template exported to smaller partner (japan_epa_template). High CCS may reflect imposition, not organic completeness.",modern_global,Japan - Malaysia,Japan; Malaysia,Japan; Malaysia,Bilateral,E,,E,Language,E F S,,,,,,,,,,,,,,,,,,,,,,,,,,,,,,,,,,,,,,,
21,Jordan - Singapore,"['JOR', 'SGP']",2,2004,2004-05-16,2005-08-22,In Force,Free Trade Agreement & Economic Integration Agreement,GATT Art. XXIV & GATS Art. V,Bilateral,Middle East; East Asia,Yes,Yes,en,23,none,,False,False,False,False,0,bilateral_symmetric,South-South or peer agreement — no asymmetry signals detected. CCS reflects genuine bilateral negotiation.,modern_global,Jordan - Singapore,Jordan; Singapore,Jordan; Singapore,Bilateral,E,,E,Language,E F S,,,,,,,,,,,,,,,,,,,,,,,,,,,,,,,,,,,,,,,
22,Mexico - Northern Triangle,"['GTM', 'HND', 'MEX', 'SLV']",4,2000,2000-06-29,2001-03-15,Inactive,Free Trade Agreement & Economic Integration Agreement,GATT Art. XXIV & GATS Art. V,Bilateral,Central America; North America,Yes,Yes,es,24,none,,False,False,False,True,1,plurilateral_symmetric,"4-party agreement, no dominant template detected. G20 members present: 1",modern_global,Mexico - Guatemala (Mexico - Northern Triangle),,Guatemala; Mexico,Bilateral,S,,S,Language,E F S,,,,,,,,,,,,,,,,,,,,,,,,,,,,,,,,,,,,,,,
23,Dominican Republic - Central America - United States Free Trade Agreement (CAFTA-DR),"['CRI', 'DOM', 'GTM', 'HND', 'NIC', 'SLV', 'USA']",7,2004,2004-08-05,2006-03-01,In Force,Free Trade Agreement & Economic Integration Agreement,GATT Art. XXIV & GATS Art. V,Plurilateral,Central America; Caribbean; North America,Yes,Yes,en,27,us_tpa_template,USA,True,True,False,True,1,plurilateral_template,USA template imposed across 7 parties (us_tpa_template),modern_global,Dominican Republic - Central America - United States Free Trade Agreement (CAFTA-DR),Costa Rica; Dominican Republic; El Salvador; Guatemala; Honduras; Nicaragua; United States of America,Costa Rica; Dominican Republic; El Salvador; Guatemala; Honduras; Nicaragua; United States of America,Plurilateral,E S,,E S,Language,E F S,,,,,,,,,,,,,,,,,,,,,,,,,,,,,,,,,,,,,,,
24,"Korea, Republic of - Singapore","['KOR', 'SGP']",2,2005,2005-08-04,2006-03-02,In Force,Free Trade Agreement & Economic Integration Agreement,GATT Art. XXIV & GATS Art. V,Bilateral,East Asia,No,Yes,en,28,none,,False,False,False,False,1,bilateral_asymmetric,"One major economy, one smaller partner — possible power asymmetry but no known template detected. Treat with caution.",modern_global,"Korea, Republic of - Singapore","Korea, Republic of; Singapore","Korea, Republic of; Singapore",Bilateral,E,,E,Language,E F S,,,,,,,,,,,,,,,,,,,,,,,,,,,,,,,,,,,,,,,
25,Turkey - Morocco,"['MAR', 'TUR']",2,2004,2004-04-07,2006-01-01,In Force,Free Trade Agreement,GATT Art. XXIV,Bilateral,Africa; Europe,Yes,Yes,en,29,none,,False,False,False,False,1,bilateral_asymmetric,"One major economy, one smaller partner — possible power asymmetry but no known template detected. Treat with caution.",modern_global,Türkiye - Morocco,Morocco; Türkiye,Morocco; Türkiye,Bilateral,E F S,,F,Language,,E F S,,,,,,,,"Türkiye, Ministry of Trade",,,,,,,,,,,,,,,,,,,,,,,,,,,,,,
26,US - Morocco,"['MAR', 'USA']",2,2004,2004-06-15,2006-01-01,In Force,Free Trade Agreement & Economic Integration Agreement,GATT Art. XXIV & GATS Art. V,Bilateral,Africa; North America,Yes,Yes,en,30,us_tpa_template,USA,True,True,False,False,1,bilateral_asymmetric,"USA template exported to smaller partner (us_tpa_template). High CCS may reflect imposition, not organic completeness.",modern_global,United States - Morocco,Morocco; United States of America,Morocco; United States of America,Bilateral,E,,E,Language,E F S,,,,,,,,,,,,,Office of the United States Trade Representative,,,,,,,,,,,,,,,,,,,,,,,,,,
27,Thailand - New Zealand,"['NZL', 'THA']",2,2005,2005-04-19,2005-07-01,In Force,Free Trade Agreement & Economic Integration Agreement,GATT Art. XXIV & GATS Art. V,Bilateral,Oceania; East Asia,Yes,Yes,en,31,none,,False,False,False,False,0,bilateral_symmetric,South-South or peer agreement — no asymmetry signals detected. CCS reflects genuine bilateral negotiation.,modern_global,Thailand - New Zealand,New Zealand; Thailand,New Zealand; Thailand,Bilateral,E,,E,Language,,E F S,,,,,,,,,,,,,,,,,,,,,,,,,,,,,,,,,,,,,,
28,Mexico - Nicaragua,"['MEX', 'NIC']",2,1997,1997-12-18,1998-07-01,Inactive,Free Trade Agreement & Economic Integration Agreement,GATT Art. XXIV & GATS Art. V,Bilateral,North America; Central America,Yes,Yes,es,32,none,,False,False,False,False,1,bilateral_asymmetric,"One major economy, one smaller partner — possible power asymmetry but no known template detected. Treat with caution.",modern_global,Mexico - Nicaragua,,Mexico; Nicaragua,Bilateral,S,,S,Language,,E F S,,,,,,,,,,,Mexico - Central America,,,,,,,,,,,,,,,,,,,,,,,,,,,
29,EU - Chile,"['AUT', 'BEL', 'BGR', 'CHL', 'CYP', 'CZE', 'DEU', 'DNK', 'ESP', 'EST', 'FIN', 'FRA', 'GBR', 'GRC', 'HRV', 'HUN', 'IRL', 'ITA', 'LTU', 'LUX', 'LVA', 'MLT', 'NLD', 'POL', 'PRT', 'ROU', 'SVK', 'SVN', 'SWE']",29,2002,2002-11-18,2003-02-01,In Force,Free Trade Agreement & Economic Integration Agreement,GATT Art. XXIV & GATS Art. V,Bilateral; One Party is an RTA,Europe; South America,Yes,Yes,en,33,none,,False,False,False,True,4,plurilateral_symmetric,"29-party agreement, no dominant template detected. G20 members present: 4",modern_global,EU - Chile (Association Agreement),,Austria; Belgium; Chile; Denmark; Finland; France; Germany; Greece; Ireland; Italy; Luxembourg; Netherlands; Portugal; Spain; Sweden; United Kingdom,Plurilateral,E S,,E S,Language,,,,,,,E F S,,,,,,,,E,,,,,,,,,,,,,,,,,,,,,,,,,
30,Turkey - Palestinian Authority,"['PSE', 'TUR']",2,2004,2004-07-20,2005-06-01,In Force,Free Trade Agreement,GATT Art. XXIV,Bilateral,Middle East; Europe,Yes,No,en,34,none,,False,False,False,False,1,bilateral_asymmetric,"One major economy, one smaller partner — possible power asymmetry but no known template detected. Treat with caution.",modern_global,Türkiye - Palestine,Palestine; Türkiye,Palestine; Türkiye,Bilateral,E F S,,E,,,,,,,,,,,"Türkiye, Ministry of Trade",,,,,,,,,,,,,,,,,,,,,,,,,,,,,,
31,Turkey - Tunisia,"['TUN', 'TUR']",2,2004,2004-11-25,2005-07-01,In Force,Free Trade Agreement,GATT Art. XXIV,Bilateral,Africa; Europe,Yes,Yes,en,35,none,,False,False,False,False,1,bilateral_asymmetric,"One major economy, one smaller partner — possible power asymmetry but no known template detected. Treat with caution.",modern_global,Türkiye - Tunisia,Tunisia; Türkiye,Tunisia; Türkiye,Bilateral,E F S,,E,Language,,E F S,,,,,,,,,,,,,,,,,,,,,,,,,,,,,,,,,,,,,,
32,Economic Community of West African States (ECOWAS),"['BEN', 'BFA', 'CIV', 'CPV', 'GHA', 'GIN', 'GMB', 'GNB', 'LBR', 'MLI', 'NER', 'NGA', 'SEN', 'SLE', 'TGO']",15,1993,1993-07-24,1993-07-24,In Force,Customs Union,Enabling Clause,Plurilateral,Africa,No,No,en,36,none,,False,False,False,True,0,plurilateral_symmetric,"15-party agreement, no dominant template detected. G20 members present: 0",modern_global,Economic Community of West African States (ECOWAS),Benin; Burkina Faso; Cabo Verde; Côte d'Ivoire; Ghana; Guinea; Guinea-Bissau; Liberia; Mali; Niger; Nigeria; Senegal; Sierra Leone; The Gambia; Togo,Benin; Burkina Faso; Cabo Verde; Côte d'Ivoire; Ghana; Guinea; Guinea-Bissau; Liberia; Mali; Niger; Nigeria; Senegal; Sierra Leone; The Gambia; Togo,Plurilateral,E,,E,Language,,,,,,,,,,,,,,,E,Economic Community of West African States (ECOWAS),,,,,,,,,,,,,,,,,,,,,,,,
33,EFTA - Tunisia,"['CHE', 'ISL', 'LIE', 'NOR', 'TUN']",5,2004,2004-12-17,2005-06-01,In Force,Free Trade Agreement,GATT Art. XXIV,Bilateral; One Party is an RTA,Europe; Africa,Yes,Yes,en,37,none,,False,False,False,True,0,plurilateral_symmetric,"5-party agreement, no dominant template detected. G20 members present: 0",modern_global,EFTA - Tunisia,Iceland; Liechtenstein; Norway; Switzerland; Tunisia,Iceland; Liechtenstein; Norway; Switzerland; Tunisia,Bilateral; One Party is an RTA,E F,,E F,Language,,E F S,,European Free Trade Association (EFTA),,,,,,,,,,,,,,,,,,,,,,,,,,,,,,,,,,,,
34,Japan - Mexico,"['JPN', 'MEX']",2,2004,2004-09-17,2005-04-01,In Force,Free Trade Agreement & Economic Integration Agreement,GATT Art. XXIV & GATS Art. V,Bilateral,East Asia; North America,Yes,Yes,en,38,japan_epa_template,JPN,True,False,False,False,2,bilateral_asymmetric,"JPN template exported to smaller partner (japan_epa_template). High CCS may reflect imposition, not organic completeness.",modern_global,Japan - Mexico,Japan; Mexico,Japan; Mexico,Bilateral,E,,E,Language,E F S,,,,"Notification of the Protocol Amending the Agreement between Japan and Mexico for the Strengthening of the Economic Partnership.

Pursuant to Article 174 of the Agreement between Japan and Mexico for the Strengthening of the Economic Partnership, signed at Mexico City on 17 September 2004, the Parties agreed to amend the Agreement to improve market access conditions on certain originating goods and revise the provisions on trade in goods as well as certification of origin and custom procedures.",,,,,,,,,,,,,,,,,,,,,,,,,,,,,,,,,,,
35,Panama - Central America,"['CRI', 'GTM', 'HND', 'NIC', 'PAN', 'SLV']",6,2002,2002-03-06,2003-04-11,In Force,Free Trade Agreement & Economic Integration Agreement,GATT Art. XXIV & GATS Art. V,Bilateral,Central America,No,Yes,es,39,none,,False,False,False,True,0,plurilateral_symmetric,"6-party agreement, no dominant template detected. G20 members present: 0",modern_global,Panama - El Salvador (Panama - Central America),El Salvador; Panama,El Salvador; Panama,Bilateral,S,,,Language,E F S,,,,,,,,,,,,,,,,S,,,,,,,,,,,,,,,,,,,,,,,
36,Thailand - Australia,"['AUS', 'THA']",2,2004,2004-07-05,2005-01-01,In Force,Free Trade Agreement & Economic Integration Agreement,GATT Art. XXIV & GATS Art. V,Bilateral,Oceania; East Asia,Yes,Yes,en,40,none,,False,False,False,False,1,bilateral_asymmetric,"One major economy, one smaller partner — possible power asymmetry but no known template detected. Treat with caution.",modern_global,Thailand - Australia,Australia; Thailand,Australia; Thailand,Bilateral,E,,E,Language,,E F S,,,,,E F S,,,,,,,,,,,,,,,,,,,,,,,,,,,,,,,,,
37,US - Australia,"['AUS', 'USA']",2,2004,2004-05-18,2005-01-01,In Force,Free Trade Agreement & Economic Integration Agreement,GATT Art. XXIV & GATS Art. V,Bilateral,Oceania; North America,Yes,Yes,en,41,us_tpa_template,USA,True,True,False,False,2,bilateral_asymmetric,"USA template exported to smaller partner (us_tpa_template). High CCS may reflect imposition, not organic completeness.",modern_global,United States - Australia,Australia; United States of America,Australia; United States of America,Bilateral,E,,E,Language,,E F S,,,,,E F S,,,,,,,,,,,,,,,,,,,,,,,,,,,,,,,,,
38,ASEAN - China,"['BRN', 'CHN', 'IDN', 'KHM', 'LAO', 'MMR', 'MYS', 'PHL', 'SGP', 'THA', 'VNM']",11,2004,2004-11-29,2005-01-01,In Force,Free Trade Agreement & Economic Integration Agreement,Enabling Clause & GATS Art. V,Bilateral; One Party is an RTA,East Asia,No,Yes,en,42,china_template,CHN,True,False,False,True,2,plurilateral_template,CHN template imposed across 11 parties (china_template),modern_global,ASEAN - China,Brunei Darussalam; Myanmar; Cambodia; Indonesia; Lao People's Democratic Republic; Malaysia; Philippines; Singapore; Viet Nam; Thailand; China,Brunei Darussalam; Myanmar; Cambodia; Indonesia; Lao People's Democratic Republic; Malaysia; Philippines; Singapore; Viet Nam; Thailand; China,Bilateral; One Party is an RTA,E,,E,Language,,,,,"Protocol to amend the Framework Agreement on Comprehensive Economic Co-operation and certain Agreements thereunder between the Association of Southeast Asian Nations (ASEAN) and China.
The Protocol provides amendments to the text of the Rules of Origin (ROO) Chapter and introduces a new section on Customs Procedures and Trade Facilitation (CPTF) to the Trade in Goods Agreement. In addition, the Protocol includes a third package of specific commitments under the Agreement on Trade in Services and adds provisions on the promotion and facilitation of investment in the Investment Agreement. Lastly, the Protocol introduces additional rules and areas of coverage for Economic and Technical Cooperation and a Future Work Programme on the further liberalisation of trade in goods, review of product specific rules, and investment liberalisation and protection.",,E F S,,,,,,,,E,,,ASEAN Free Trade Area (AFTA),E,,,,,,,,,,,,,,,,,,,,,
39,EFTA - Chile,"['CHE', 'CHL', 'ISL', 'LIE', 'NOR']",5,2003,2003-06-26,2004-12-01,In Force,Free Trade Agreement & Economic Integration Agreement,GATT Art. XXIV & GATS Art. V,Bilateral; One Party is an RTA,South America; Europe,Yes,Yes,en,43,none,,False,False,False,True,0,plurilateral_symmetric,"5-party agreement, no dominant template detected. G20 members present: 0",modern_global,EFTA - Chile,Chile; Iceland; Liechtenstein; Norway; Switzerland,Chile; Iceland; Liechtenstein; Norway; Switzerland,Bilateral; One Party is an RTA,E S,,E S,Language,,E F S,,European Free Trade Association (EFTA),"Notification of the entry into force of Decision No.1 of 2013 of the Joint EFTA-Chile Committee concerning amendments to Appendices 1 and 2 to Annex I concerning the definition of the concept of ""originating products"" and arrangements for administrative cooperation.

Recognizing that amended origin rules will improve the effectiveness of the Agreement and aiming at ensuring legal certainty and predictability for economic operators.",,E F S,,,,,,,,,,,,,,,,,,,,,,,,,,,,,,,,,
40,EU - Egypt,"['AUT', 'BEL', 'BGR', 'CYP', 'CZE', 'DEU', 'DNK', 'EGY', 'ESP', 'EST', 'FIN', 'FRA', 'GBR', 'GRC', 'HRV', 'HUN', 'IRL', 'ITA', 'LTU', 'LUX', 'LVA', 'MLT', 'NLD', 'POL', 'PRT', 'ROU', 'SVK', 'SVN', 'SWE']",29,2001,2001-06-25,2004-06-01,In Force,Free Trade Agreement,GATT Art. XXIV,Bilateral; One Party is an RTA,Europe; Africa,Yes,Yes,en,44,none,,False,False,False,True,4,plurilateral_symmetric,"29-party agreement, no dominant template detected. G20 members present: 4",modern_global,EU - Egypt,Austria; Belgium; Bulgaria; Croatia; Cyprus; Czech Republic; Denmark; Estonia; Finland; France; Germany; Greece; Hungary; Ireland; Italy; Latvia; Lithuania; Luxembourg; Malta; Netherlands; Poland; Portugal; Romania; Slovak Republic; Slovenia; Spain; Sweden; Egypt,Austria; Belgium; Cyprus; Czech Republic; Denmark; Egypt; Estonia; Finland; France; Germany; Greece; Hungary; Ireland; Italy; Latvia; Lithuania; Luxembourg; Malta; Netherlands; Poland; Portugal; Slovak Republic; Slovenia; Spain; Sweden; United Kingdom,Bilateral; One Party is an RTA,E F S,,E F S,Language,,E F S,,,,,,EU Treaty,,,,,,,,,,,,,,,,,,,,,,,,,,,,,,,,
41,Southern African Development Community (SADC),"['AGO', 'BWA', 'LSO', 'MOZ', 'MUS', 'MWI', 'NAM', 'SWZ', 'SYC', 'TZA', 'ZAF', 'ZMB', 'ZWE']",13,1996,1996-08-24,2000-09-01,In Force,Free Trade Agreement,GATT Art. XXIV,Plurilateral,Africa,No,Yes,en,45,none,,False,False,False,True,1,plurilateral_symmetric,"13-party agreement, no dominant template detected. G20 members present: 1",modern_global,Southern African Development Community (SADC),Angola; Botswana; Comoros; Democratic Republic of the Congo; Eswatini; Lesotho; Madagascar; Malawi; Mauritius; Mozambique; Namibia; Seychelles; South Africa; Tanzania; Zambia; Zimbabwe,Botswana; Eswatini; Lesotho; Malawi; Mauritius; Mozambique; Namibia; South Africa; Tanzania; Zambia; Zimbabwe,Plurilateral,,,,Language,,E F S,,,,,,,,,,,,,,,,,,Southern African Development Community (SADC) - Accession of Seychelles,Southern African Development Community (SADC),E,E,E,E,E,,,,,,,,,,,,,,
42,Armenia - Turkmenistan,"['ARM', 'TKM']",2,1995,1995-10-03,1996-07-07,In Force,Free Trade Agreement,GATT Art. XXIV,Bilateral,Commonwealth of Independent States (CIS),No,No,en,47,none,,False,False,False,False,0,bilateral_symmetric,South-South or peer agreement — no asymmetry signals detected. CCS reflects genuine bilateral negotiation.,central_asian,Armenia - Turkmenistan,Armenia; Turkmenistan,Armenia; Turkmenistan,Bilateral,E F S,,,,,,,,,,,,,,,,,,,,,,,,,,,,,,,,,,,,,,,,,,,
43,Armenia - Russian Federation,"['ARM', 'RUS']",2,1992,1992-09-30,1993-03-25,Inactive,Free Trade Agreement,GATT Art. XXIV,Bilateral,Commonwealth of Independent States (CIS),No,Yes,en,48,none,,False,False,False,False,1,bilateral_asymmetric,"One major economy, one smaller partner — possible power asymmetry but no known template detected. Treat with caution.",central_asian,Armenia - Russian Federation,,Armenia; Russian Federation,Bilateral,E F S,,,,,,,,,,,,,,,,,,,,,,,,,,,,,,Treaty on a Free Trade Area between members of the Commonwealth of Independent States (CIS),"Russian Federation, Ministry of Foreign Affairs",,,,,,,,,,,,
44,Armenia - Moldova,"['ARM', 'MDA']",2,1993,1993-12-24,1995-12-21,In Force,Free Trade Agreement,GATT Art. XXIV,Bilateral,Commonwealth of Independent States (CIS),No,Yes,en,49,none,,False,False,False,False,0,bilateral_symmetric,South-South or peer agreement — no asymmetry signals detected. CCS reflects genuine bilateral negotiation.,central_asian,"Armenia - Moldova, Republic of","Armenia; Moldova, Republic of","Armenia; Moldova, Republic of",Bilateral,E F S,,,Language,,E F S,,,,,,,,,,,,,,,,,,,,,,,,,Treaty on a Free Trade Area between members of the Commonwealth of Independent States (CIS),,"Republic of Moldova, Ministry of Economy and Infrastructure",,,,,,,,,,,
45,Armenia - Kazakhstan,"['ARM', 'KAZ']",2,1999,1999-09-02,2001-12-25,In Force,Free Trade Agreement,GATT Art. XXIV,Bilateral,Commonwealth of Independent States (CIS),No,Yes,en,50,none,,False,False,False,False,0,bilateral_symmetric,South-South or peer agreement — no asymmetry signals detected. CCS reflects genuine bilateral negotiation.,central_asian,Armenia - Kazakhstan,Armenia; Kazakhstan,Armenia; Kazakhstan,Bilateral,E F S,,,Language,,E F S,,,,,,,,,,,,,,,,,,,,,,,,,Treaty on a Free Trade Area between members of the Commonwealth of Independent States (CIS),,,,,,,,,,,,,
46,Armenia - Ukraine,"['ARM', 'UKR']",2,1994,1994-10-07,1996-12-18,In Force,Free Trade Agreement,GATT Art. XXIV,Bilateral,Commonwealth of Independent States (CIS),No,Yes,en,51,none,,False,False,False,False,0,bilateral_symmetric,South-South or peer agreement — no asymmetry signals detected. CCS reflects genuine bilateral negotiation.,central_asian,Armenia - Ukraine,Armenia; Ukraine,Armenia; Ukraine,Bilateral,E F S,,,Language,,E F S,,,,,,,,,,,,,,,,,,,,,,,,,Treaty on a Free Trade Area between members of the Commonwealth of Independent States (CIS),,,"Ukraine, Ministry for Development of Economy, Trade and Agriculture",,,,,,,,,,
47,"Korea, Republic of - Chile","['CHL', 'KOR']",2,2003,2003-02-01,2004-04-01,In Force,Free Trade Agreement & Economic Integration Agreement,GATT Art. XXIV & GATS Art. V,Bilateral,South America; East Asia,Yes,Yes,en,53,none,,False,False,False,False,1,bilateral_asymmetric,"One major economy, one smaller partner — possible power asymmetry but no known template detected. Treat with caution.",modern_global,"Korea, Republic of - Chile","Chile; Korea, Republic of","Chile; Korea, Republic of",Bilateral,E S,,E S,Language,,E F S,,,,,,,,,,,,,,,,,,,,,,,,,,,,,E,,,,,,,,,
48,Central European Free Trade Agreement (CEFTA) - Accession of Croatia,[],0,2002,2002-12-05,2003-03-01,Inactive,Free Trade Agreement,GATT Art. XXIV,Plurilateral,Europe,No,Yes,en,54,none,,False,False,False,False,0,bilateral_symmetric,South-South or peer agreement — no asymmetry signals detected. CCS reflects genuine bilateral negotiation.,modern_global,Central European Free Trade Agreement (CEFTA) - Accession of Croatia,,Bulgaria; Croatia; Czech Republic; Hungary; Poland; Romania; Slovak Republic; Slovenia,Plurilateral,E F S,,,,,,,,,,,,,,,,,,,,,,,,,,,,,,,,,,,Central European Free Trade Agreement (CEFTA) 2006,,,,,,,,
49,Chile - Central America,"['CHL', 'CRI', 'GTM', 'HND', 'NIC', 'SLV']",6,1999,1999-10-18,2002-06-01,In Force,Free Trade Agreement & Economic Integration Agreement,GATT Art. XXIV & GATS Art. V,Bilateral,South America; Central America,Yes,Yes,es,55,none,,False,False,False,True,0,plurilateral_symmetric,"6-party agreement, no dominant template detected. G20 members present: 0",modern_global,Chile - El Salvador (Chile - Central America),Chile; El Salvador,Chile; El Salvador,Bilateral,S,,S,Language,,,,,,,,,,,,,,,E,,,,,,,,,,,,,,,,E,,,,,,,,,
50,"China - Macao, China","['CHN', 'MAC']",2,2003,2003-10-17,2003-10-17,In Force,Free Trade Agreement & Economic Integration Agreement,GATT Art. XXIV & GATS Art. V,Bilateral,East Asia,No,Yes,en,56,china_template,CHN,True,False,False,False,1,bilateral_asymmetric,"CHN template exported to smaller partner (china_template). High CCS may reflect imposition, not organic completeness.",modern_global,"China - Macao, China","China; Macao, China","China; Macao, China",Bilateral,E,,E,Language,,,,,"The Second Agreement Concerning Amendment to the CEPA Agreement on Trade in Services eliminates the three-year substantive business operation requirement for most service sectors, providing Macao service providers with easier access to the Mainland market. Additionally, it introduces pilot initiatives in the Guangdong-Hong Kong-Macao Greater Bay Area and includes expanded liberalization measures in sectors such as high-tech, financial services, and audio-visual culture. Moreover, it grants professionals in fields like construction and engineering, accounting, medical care, and education facilitative entry conditions into the Mainland of China, empowering Macao service providers to capitalize on their professional strengths and pursue business growth opportunities in the Mainland of China. The Second Amendment Agreement came into effect on the day of signing (i.e. 10 October 2024) and will be implemented on 1 March 2025.",,,,,,,,,,E,,,,,,,,,,,,,,,,E,,,,,,,,,
51,"China - Hong Kong, China","['CHN', 'HKG']",2,2003,2003-06-29,2003-06-29,In Force,Free Trade Agreement & Economic Integration Agreement,GATT Art. XXIV & GATS Art. V,Bilateral,East Asia,No,Yes,en,57,china_template,CHN,True,False,False,False,1,bilateral_asymmetric,"CHN template exported to smaller partner (china_template). High CCS may reflect imposition, not organic completeness.",modern_global,"China - Hong Kong, China","China; Hong Kong, China","China; Hong Kong, China",Bilateral,E,,E,Language,,,,,"Notification of the Second Agreement Concerning Amendment to the Agreement on Trade in Services of the Mainland and Hong Kong Closer Economic Partnership Arrangement.

The Second Agreement Concerning Amendment to the Agreement on Trade in Services of the Mainland and Hong Kong Closer Economic Partnership Arrangement (“the Amendment Agreement II”) updates the commitments on liberalisation and facilitation of trade in services under the Agreement on Trade in Services notified to the WTO on 23 March 2016 (WT/REG162/N/1/Add.9 and S/C/N/264/Add.9) and implemented on 1 June 2016 so as to further enhance the level of liberalisation on trade in services under the framework of CEPA.  The Agreement on Trade in Services was first amended on 21 November 2019 as notified to the WTO on 18 March 2020 (S/C/N/264/Add.11 and S/C/N/264/Add.11/Corr.1) to add liberalisation measures which have been implemented since 1 June 2020.  The Amendment Agreement II introduces new liberalisation measures in a number of services sectors, including measures for pilot implementation in the nine Pearl River Delta municipalities in the Guangdong-Hong Kong-Macao Greater Bay Area, and includes commitments on domestic regulation for trade in services and facilitation measures on trade and investment, etc.  The Amendment Agreement II came into effect on the day of signing (i.e. 9 October 2024) and will be implemented on 1 March 2025.",,,,,,,,,,E,,,,,,,,,,,,,,,,E,,,,,,,,,
52,US - Singapore,"['SGP', 'USA']",2,2003,2003-05-06,2004-01-01,In Force,Free Trade Agreement & Economic Integration Agreement,GATT Art. XXIV & GATS Art. V,Bilateral,East Asia; North America,Yes,Yes,en,58,us_tpa_template,USA,True,True,False,False,1,bilateral_asymmetric,"USA template exported to smaller partner (us_tpa_template). High CCS may reflect imposition, not organic completeness.",modern_global,United States - Singapore,Singapore; United States of America,Singapore; United States of America,Bilateral,E,,E,Language,,,,,,,,,,,,,,,E,,,,,,,,,,,,,,,,E,,,,,,,,,
53,US - Chile,"['CHL', 'USA']",2,2003,2003-06-06,2004-01-01,In Force,Free Trade Agreement & Economic Integration Agreement,GATT Art. XXIV & GATS Art. V,Bilateral,South America; North America,Yes,Yes,en,59,us_tpa_template,USA,True,True,False,False,1,bilateral_asymmetric,"USA template exported to smaller partner (us_tpa_template). High CCS may reflect imposition, not organic completeness.",modern_global,United States - Chile,Chile; United States of America,Chile; United States of America,Bilateral,E S,,E S,Language,,,,,,,,,,,,,,,E,,,,,,,,,,,,,,,,E,,,,,,,,,
54,Singapore - Australia,"['AUS', 'SGP']",2,2003,2003-02-17,2003-07-28,In Force,Free Trade Agreement & Economic Integration Agreement,GATT Art. XXIV & GATS Art. V,Bilateral,Oceania; East Asia,Yes,Yes,en,60,none,,False,False,False,False,1,bilateral_asymmetric,"One major economy, one smaller partner — possible power asymmetry but no known template detected. Treat with caution.",modern_global,Singapore - Australia,Australia; Singapore,Australia; Singapore,Bilateral,E,,E,Language,,,,,,,,,,,,,,,E,,,,,,,,,,,,,,,,E,,,,,,,,,
55,Turkey - Bosnia and Herzegovina,"['BIH', 'TUR']",2,2002,2002-07-03,2003-07-01,In Force,Free Trade Agreement,GATT Art. XXIV,Bilateral,Europe,No,No,en,61,none,,False,False,False,False,1,bilateral_asymmetric,"One major economy, one smaller partner — possible power asymmetry but no known template detected. Treat with caution.",modern_global,Türkiye - Bosnia and Herzegovina,,Bosnia and Herzegovina; Türkiye,Bilateral,E,,,,,,,,,,,,,"Türkiye, Ministry of Trade",,,,,,,,,,,,,,,,,,,,,,,Türkiye - Bosnia and Herzegovina,,,,,,,
56,Turkey - Croatia,[],0,2002,2002-03-13,2003-07-01,Inactive,Free Trade Agreement,GATT Art. XXIV,Bilateral,Europe,No,Yes,en,62,none,,False,False,False,False,0,bilateral_symmetric,South-South or peer agreement — no asymmetry signals detected. CCS reflects genuine bilateral negotiation.,modern_global,Türkiye - Croatia,,Croatia; Türkiye,Bilateral,,,,Language,,,,,,,,,,,,,,,E,,,,,,,,,,,,,,,,,,,,,,,,,
57,EU - Lebanon,"['AUT', 'BEL', 'BGR', 'CYP', 'CZE', 'DEU', 'DNK', 'ESP', 'EST', 'FIN', 'FRA', 'GBR', 'GRC', 'HRV', 'HUN', 'IRL', 'ITA', 'LBN', 'LTU', 'LUX', 'LVA', 'MLT', 'NLD', 'POL', 'PRT', 'ROU', 'SVK', 'SVN', 'SWE']",29,2002,2002-06-17,2003-03-01,In Force,Free Trade Agreement,GATT Art. XXIV,Bilateral; One Party is an RTA,Europe; Middle East,Yes,No,en,63,none,,False,False,False,True,4,plurilateral_symmetric,"29-party agreement, no dominant template detected. G20 members present: 4",modern_global,EU - Lebanon,Austria; Belgium; Bulgaria; Croatia; Cyprus; Czech Republic; Denmark; Estonia; Finland; France; Germany; Greece; Hungary; Ireland; Italy; Latvia; Lithuania; Luxembourg; Malta; Netherlands; Poland; Portugal; Romania; Slovak Republic; Slovenia; Spain; Sweden; Lebanese Republic,Austria; Belgium; Denmark; Finland; France; Germany; Greece; Ireland; Italy; Lebanese Republic; Luxembourg; Netherlands; Portugal; Spain; Sweden; United Kingdom,Bilateral; One Party is an RTA,E F S,,E F S,,,,,,,,,EU Treaty,,,,,,,,,,,,,,,,,,,,,,,,,,,,,,,,
58,EFTA - Singapore,"['CHE', 'ISL', 'LIE', 'NOR', 'SGP']",5,2002,2002-06-26,2003-01-01,In Force,Free Trade Agreement & Economic Integration Agreement,GATT Art. XXIV & GATS Art. V,Bilateral; One Party is an RTA,Europe; East Asia,Yes,Yes,en,65,none,,False,False,False,True,0,plurilateral_symmetric,"5-party agreement, no dominant template detected. G20 members present: 0",modern_global,EFTA - Singapore,Iceland; Liechtenstein; Norway; Switzerland; Singapore,Iceland; Liechtenstein; Norway; Switzerland; Singapore,Bilateral; One Party is an RTA,E,,E,Language,,,,European Free Trade Association (EFTA),"Notification of the entry into force of Decision No. 1 of 2010 of the Joint EFTA-Singapore Committee concerning amendments to Annex IV concerning fish and other marine products. 

Noting that there are technical errors in Annex IV Fish and Other Marine Products, some of which occurred through the adoption and application of the Joint Committee Decision No. 3 of 2007, amending Annex IV Fish and Other Marine Products, 
Wishing to rectify these errors with the desire to clarify the meaning and increasing the harmonisation of the scope of Annex IV with other existing agreements.",,,,,,,,,,E,,,,,,,,,,,,,,,,E,,,,,,,,,
59,Canada - Costa Rica,"['CAN', 'CRI']",2,2001,2001-04-23,2002-11-01,In Force,Free Trade Agreement,GATT Art. XXIV,Bilateral,North America; Central America,Yes,Yes,en,66,none,,False,False,False,False,1,bilateral_asymmetric,"One major economy, one smaller partner — possible power asymmetry but no known template detected. Treat with caution.",modern_global,Canada - Costa Rica,Canada; Costa Rica,Canada; Costa Rica,Bilateral,E F S,,E F S,Language,,,,,,,,,,,,,,,E,,,,,,,,,,,,,,,,,,,,,,,,,
60,EU - Croatia,[],0,2001,2001-10-29,2002-03-01,Inactive,Free Trade Agreement & Economic Integration Agreement,GATT Art. XXIV & GATS Art. V,Bilateral; One Party is an RTA,Europe,No,Yes,en,67,none,,False,False,False,False,0,bilateral_symmetric,South-South or peer agreement — no asymmetry signals detected. CCS reflects genuine bilateral negotiation.,modern_global,EU - Croatia,,Austria; Belgium; Croatia; Cyprus; Czech Republic; Denmark; Estonia; Finland; France; Germany; Greece; Hungary; Ireland; Italy; Latvia; Lithuania; Luxembourg; Malta; Netherlands; Poland; Portugal; Slovak Republic; Slovenia; Spain; Sweden; United Kingdom,Plurilateral,E F S,,,Language,,,,,,,E F S,,European Commission,,,,,,E,,,,,,,,,,,,,,,,,,,,,,,,,
61,EU - Jordan,"['AUT', 'BEL', 'BGR', 'CYP', 'CZE', 'DEU', 'DNK', 'ESP', 'EST', 'FIN', 'FRA', 'GBR', 'GRC', 'HRV', 'HUN', 'IRL', 'ITA', 'JOR', 'LTU', 'LUX', 'LVA', 'MLT', 'NLD', 'POL', 'PRT', 'ROU', 'SVK', 'SVN', 'SWE']",29,1997,1997-11-24,2002-05-01,In Force,Free Trade Agreement,GATT Art. XXIV,Bilateral; One Party is an RTA,Europe; Middle East,Yes,Yes,en,68,none,,False,False,False,True,4,plurilateral_symmetric,"29-party agreement, no dominant template detected. G20 members present: 4",eastern_european,EU - Jordan,Austria; Belgium; Bulgaria; Croatia; Cyprus; Czech Republic; Denmark; Estonia; Finland; France; Germany; Greece; Hungary; Ireland; Italy; Latvia; Lithuania; Luxembourg; Malta; Netherlands; Poland; Portugal; Romania; Slovak Republic; Slovenia; Spain; Sweden; Jordan,Austria; Belgium; Denmark; Finland; France; Germany; Greece; Ireland; Italy; Jordan; Luxembourg; Netherlands; Portugal; Spain; Sweden; United Kingdom,Bilateral; One Party is an RTA,E F S,,E F S,Language,,,,,,,,EU Treaty,,,,,,,E,,,,,,,,,,,,,,,,,,,,,,,,,
62,Japan - Singapore,"['JPN', 'SGP']",2,2002,2002-01-13,2002-11-30,In Force,Free Trade Agreement & Economic Integration Agreement,GATT Art. XXIV & GATS Art. V,Bilateral,East Asia,No,Yes,en,70,japan_epa_template,JPN,True,False,False,False,1,bilateral_asymmetric,"JPN template exported to smaller partner (japan_epa_template). High CCS may reflect imposition, not organic completeness.",modern_global,Japan - Singapore,Japan; Singapore,Japan; Singapore,Bilateral,E,,E,Language,,,,,"Notification of Exchange of Diplomatic Notes amending Annexes IIA and IIB of the Agreement between Japan and Singapore for a New-Age Economic Partnership.

Pursuant to Article 10 (General Review) of the Agreement between Japan and Singapore for a New-Age Economic Partnership (JSEPA) signed on 13 January 2002, Japan and Singapore have agreed to amend Annex IIA (Product-Specific Rules) and Annex IIB (Minimum Data Requirement for Certificate of Origin) as part of the outcome of the General Review.",,,,,,,,,,E,,,,,,,,,,,,,,,,E,,,,,,,,,
63,US - Jordan,"['JOR', 'USA']",2,2000,2000-10-24,2001-12-17,In Force,Free Trade Agreement & Economic Integration Agreement,GATT Art. XXIV & GATS Art. V,Bilateral,Middle East; North America,Yes,Yes,en,71,us_pre_tpa,USA,True,False,False,False,1,bilateral_asymmetric,"USA template exported to smaller partner (us_pre_tpa). High CCS may reflect imposition, not organic completeness.",modern_global,United States - Jordan,Jordan; United States of America,Jordan; United States of America,Bilateral,E,,E,Language,,,,,,,,,,,,,,,E,,,,,,,,,,,,,,,,E,,,,,,,,,
64,India - Sri Lanka,"['IND', 'LKA']",2,1998,1998-12-28,2001-12-15,In Force,Free Trade Agreement,Enabling Clause,Bilateral,West Asia,No,Yes,en,72,none,,False,False,False,False,1,bilateral_asymmetric,"One major economy, one smaller partner — possible power asymmetry but no known template detected. Treat with caution.",modern_global,India - Sri Lanka,India; Sri Lanka,India; Sri Lanka,Bilateral,E,,E,Language,,,,,,,,,,,,,,,E,,,,,,,,,,,,,,,,,,,,,,,,,
65,EU - Mexico,"['AUT', 'BEL', 'BGR', 'CYP', 'CZE', 'DEU', 'DNK', 'ESP', 'EST', 'FIN', 'FRA', 'GBR', 'GRC', 'HRV', 'HUN', 'IRL', 'ITA', 'LTU', 'LUX', 'LVA', 'MEX', 'MLT', 'NLD', 'POL', 'PRT', 'ROU', 'SVK', 'SVN', 'SWE']",29,1997,1997-12-08,2000-07-01,In Force,Free Trade Agreement & Economic Integration Agreement,GATT Art. XXIV & GATS Art. V,Bilateral; One Party is an RTA,Europe; North America,Yes,Yes,en,73,none,,False,False,False,True,5,plurilateral_symmetric,"29-party agreement, no dominant template detected. G20 members present: 5",eastern_european,EU - Mexico,Austria; Belgium; Bulgaria; Croatia; Cyprus; Czech Republic; Denmark; Estonia; Finland; France; Germany; Greece; Hungary; Ireland; Italy; Latvia; Lithuania; Luxembourg; Malta; Netherlands; Poland; Portugal; Romania; Slovak Republic; Slovenia; Spain; Sweden; Mexico,Austria; Belgium; Denmark; Finland; France; Germany; Greece; Ireland; Italy; Luxembourg; Mexico; Netherlands; Portugal; Spain; Sweden; United Kingdom,Bilateral; One Party is an RTA,E F S,,E F S,Language,,,,,,,,EU Treaty,,,,,,,E,,,,,,,,,,,,,,,,,,,,,,,,,
66,EFTA - Jordan,"['CHE', 'ISL', 'JOR', 'LIE', 'NOR']",5,2001,2001-06-21,2002-09-01,In Force,Free Trade Agreement,GATT Art. XXIV,Bilateral; One Party is an RTA,Europe; Middle East,Yes,Yes,en,75,none,,False,False,False,True,0,plurilateral_symmetric,"5-party agreement, no dominant template detected. G20 members present: 0",modern_global,EFTA - Jordan,Iceland; Liechtenstein; Norway; Switzerland; Jordan,Iceland; Liechtenstein; Norway; Switzerland; Jordan,Bilateral; One Party is an RTA,E,,E,Language,,,,European Free Trade Association (EFTA),"Notification of the entry into force of Decision No. 1 of 2025 of the EFTA-Jordan Joint Committee concerning amendments to Protocol B to the Free Trade Agreement between the EFTA States and the Hashemite Kingdom of Jordan concerning the definition of the concept of ""originating products"" and methods of administrative cooperation, and its Annexes.

Taking into account the adoption on 7 December 2023 by the Joint Committee of the PEM Convention of a new set of modernised rules of origin designed to promote trade between the Contracting Parties to the PEM Convention, the EFTA States and Jordan have agreed to amend Protocol B to the FTA concerning the definition of the concept of ""originating products"" and methods of administrative cooperation, and its annexes to reflect the latest development and incorporate a dynamic link to the revised PEM Convention.

Key changes include greater flexibility in cumulation of origin, allowing products processed across multiple PEM Contracting Parties to retain their originating status. The new rules also permit duty drawback for most products. In addition, simplified and more flexible product-specific rules are introduced, together with a higher tolerance threshold for non-originating materials. Further flexibility is also provided for accounting segregation. Registered exporters will have the possibility, if agreed between the Parties, to replace certificates of origin with statements on origin, and the issuance of electronic origin certificates is allowed. These updates aim to reduce administrative burdens, simplify trade documentation, and offer businesses additional opportunities within the PEM zone.

To ensure full alignment, as the Bilateral Agreements on Agriculture between the respective EFTA States and Jordan contained a separate set of rules of origin, they were amended separately with a reference to Protocol B on the same date as the adoption of Joint Committee Decision No. 1 of 2025. These revisions ensure that the updated rules of origin and related procedures are consistently applied across the Free Trade Agreement and the Bilateral Agricultural Agreements, thereby maintaining coherence and facilitating smoother trade operations between the Parties.",,,,,,,,,,E,,,,,,,,,,,,,,,,,,,,,,,,,
67,EFTA - Croatia,[],0,2001,2001-06-21,2002-04-01,Inactive,Free Trade Agreement,GATT Art. XXIV,Plurilateral,Europe,No,Yes,en,76,none,,False,False,False,False,0,bilateral_symmetric,South-South or peer agreement — no asymmetry signals detected. CCS reflects genuine bilateral negotiation.,modern_global,EFTA - Croatia,,Croatia; Iceland; Liechtenstein; Norway; Switzerland,Plurilateral,E,,,Language,,,,European Free Trade Association (EFTA),,,,,,,,,,,E,,,,,,,,,,,,,,,,,,,,,,,,,
68,EU - Former Yugoslav Republic of Macedonia,"['AUT', 'BEL', 'BGR', 'CYP', 'CZE', 'DEU', 'DNK', 'ESP', 'EST', 'FIN', 'FRA', 'GBR', 'GRC', 'HRV', 'HUN', 'IRL', 'ITA', 'LTU', 'LUX', 'LVA', 'MKD', 'MLT', 'NLD', 'POL', 'PRT', 'ROU', 'SVK', 'SVN', 'SWE']",29,2001,2001-04-09,2001-06-01,In Force,Free Trade Agreement & Economic Integration Agreement,GATT Art. XXIV & GATS Art. V,Bilateral; One Party is an RTA,Europe,No,Yes,en,77,none,,False,False,False,True,4,plurilateral_symmetric,"29-party agreement, no dominant template detected. G20 members present: 4",modern_global,EU - North Macedonia,Austria; Belgium; Bulgaria; Croatia; Cyprus; Czech Republic; Denmark; Estonia; Finland; France; Germany; Greece; Hungary; Ireland; Italy; Latvia; Lithuania; Luxembourg; Malta; Netherlands; Poland; Portugal; Romania; Slovak Republic; Slovenia; Spain; Sweden; North Macedonia,Austria; Belgium; Denmark; Finland; France; Germany; Greece; Ireland; Italy; Luxembourg; Netherlands; North Macedonia; Portugal; Spain; Sweden; United Kingdom,Bilateral; One Party is an RTA,E F S,,E F S,Language,,,,,,,E F S,EU Treaty,,,,,,,E,,,,,,,,,,,,,,,,,,,,,,,,,
69,New Zealand - Singapore,"['NZL', 'SGP']",2,2000,2000-11-14,2001-01-01,In Force,Free Trade Agreement & Economic Integration Agreement,GATT Art. XXIV & GATS Art. V,Bilateral,Oceania; East Asia,Yes,Yes,en,78,none,,False,False,False,False,0,bilateral_symmetric,South-South or peer agreement — no asymmetry signals detected. CCS reflects genuine bilateral negotiation.,modern_global,New Zealand - Singapore,New Zealand; Singapore,New Zealand; Singapore,Bilateral,E,,E,Language,,,,,,,,,,,,,,,E,,,,,,,,,,,,,,,,E,,,,,,,,,
70,EFTA - Mexico,"['CHE', 'ISL', 'LIE', 'MEX', 'NOR']",5,2000,2000-11-27,2001-07-01,In Force,Free Trade Agreement & Economic Integration Agreement,GATT Art. XXIV & GATS Art. V,Bilateral; One Party is an RTA,Europe; North America,Yes,Yes,en,79,none,,False,False,False,True,1,plurilateral_symmetric,"5-party agreement, no dominant template detected. G20 members present: 1",modern_global,EFTA - Mexico,Iceland; Liechtenstein; Norway; Switzerland; Mexico,Iceland; Liechtenstein; Norway; Switzerland; Mexico,Bilateral; One Party is an RTA,E S,,E S,Language,,,,European Free Trade Association (EFTA),"Notification of the entry into force of Decision No. 5 of 2010 of the Joint EFTA-Mexico Committee concerning amendments to Annex XIII – Government Procurement: Covered Goods. 

The Decision updates Annex XIII by bringing it in line with HS 2007.",,,,,,,,,,E,,,,,,,,,,,,,,,,,,,,,,,,,
71,Chile - Mexico,"['CHL', 'MEX']",2,1998,1998-04-17,1999-08-01,In Force,Free Trade Agreement & Economic Integration Agreement,GATT Art. XXIV & GATS Art. V,Bilateral,South America; North America,Yes,Yes,es,80,none,,False,False,False,False,1,bilateral_asymmetric,"One major economy, one smaller partner — possible power asymmetry but no known template detected. Treat with caution.",modern_global,Chile - Mexico,Chile; Mexico,Chile; Mexico,Bilateral,S,,S,Language,,,,,,,,,,,,,,,E,,,,,,,,,,,,,,,,E,,,Latin American Integration Association (LAIA),,,,,,
72,Israel - Mexico,"['ISR', 'MEX']",2,2000,2000-04-10,2000-07-01,In Force,Free Trade Agreement,GATT Art. XXIV,Bilateral,Middle East; North America,Yes,Yes,en,81,none,,False,False,False,False,1,bilateral_asymmetric,"One major economy, one smaller partner — possible power asymmetry but no known template detected. Treat with caution.",modern_global,Israel - Mexico,Israel; Mexico,Israel; Mexico,Bilateral,E S,,E S,Language,,,,,,,,,,,,,,,E,,,,,,,,,,,,,,,,,,,,,,,,,
73,Georgia - Armenia,"['ARM', 'GEO']",2,1995,1995-08-14,1998-11-11,In Force,Free Trade Agreement,GATT Art. XXIV,Bilateral,Commonwealth of Independent States (CIS),No,Yes,en,82,none,,False,False,False,False,0,bilateral_symmetric,South-South or peer agreement — no asymmetry signals detected. CCS reflects genuine bilateral negotiation.,central_asian,Georgia - Armenia,Armenia; Georgia,Armenia; Georgia,Bilateral,E F S,,,Language,,,,,,,,,,,,,,,E,,,,,,,,,,,,,,,,,,,,,,,,,
74,Georgia - Azerbaijan,"['AZE', 'GEO']",2,1996,1996-03-08,1996-07-10,In Force,Free Trade Agreement,GATT Art. XXIV,Bilateral,Commonwealth of Independent States (CIS),No,No,en,83,none,,False,False,False,False,0,bilateral_symmetric,South-South or peer agreement — no asymmetry signals detected. CCS reflects genuine bilateral negotiation.,central_asian,Georgia - Azerbaijan,Azerbaijan; Georgia,Azerbaijan; Georgia,Bilateral,E F S,,,,,,,,,,,,,,,,,,,,,,,,,,,,,,,,,,,,,,,,,,,
75,Georgia - Kazakhstan,"['GEO', 'KAZ']",2,1997,1997-11-11,1999-07-16,In Force,Free Trade Agreement,GATT Art. XXIV,Bilateral,Commonwealth of Independent States (CIS),No,Yes,en,84,none,,False,False,False,False,0,bilateral_symmetric,South-South or peer agreement — no asymmetry signals detected. CCS reflects genuine bilateral negotiation.,central_asian,Georgia - Kazakhstan,Georgia; Kazakhstan,Georgia; Kazakhstan,Bilateral,E F S,,,,,,,,,,,,,,,,,,,,,,,,,,,,,,,,,,,,,,,,,,,
76,Georgia - Russian Federation,"['GEO', 'RUS']",2,1994,1994-02-03,1994-05-10,In Force,Free Trade Agreement,GATT Art. XXIV,Bilateral,Commonwealth of Independent States (CIS),No,Yes,en,85,none,,False,False,False,False,1,bilateral_asymmetric,"One major economy, one smaller partner — possible power asymmetry but no known template detected. Treat with caution.",central_asian,Georgia - Russian Federation,Georgia; Russian Federation,Georgia; Russian Federation,Bilateral,E F S,,E,Language,,E F S,,,,,,,,,,,,,,,,,,,,,,,,,,,,,,,,,,,,,,
77,Georgia - Turkmenistan,"['GEO', 'TKM']",2,1996,1996-03-20,2000-01-01,In Force,Free Trade Agreement,GATT Art. XXIV,Bilateral,Commonwealth of Independent States (CIS),No,No,en,86,none,,False,False,False,False,0,bilateral_symmetric,South-South or peer agreement — no asymmetry signals detected. CCS reflects genuine bilateral negotiation.,central_asian,Georgia - Turkmenistan,Georgia; Turkmenistan,Georgia; Turkmenistan,Bilateral,E F S,,,,,,,,,,,,,,,,,,,,,,,,,,,,,,,,,,,,,,,,,,,
78,Georgia - Ukraine,"['GEO', 'UKR']",2,1995,1995-01-09,1996-06-04,In Force,Free Trade Agreement,GATT Art. XXIV,Bilateral,Commonwealth of Independent States (CIS),No,Yes,en,87,none,,False,False,False,False,0,bilateral_symmetric,South-South or peer agreement — no asymmetry signals detected. CCS reflects genuine bilateral negotiation.,central_asian,Georgia - Ukraine,Georgia; Ukraine,Georgia; Ukraine,Bilateral,E F S,,,Language,,E F S,,,,,,,,,,,,,,,,,,,,,,,,,,,,"Ukraine, Ministry for Development of Economy, Trade and Agriculture",,,,,,,,,,
79,EFTA - Former Yugoslav Republic of Macedonia,"['CHE', 'ISL', 'LIE', 'MKD', 'NOR']",5,2000,2000-06-19,2002-05-01,In Force,Free Trade Agreement,GATT Art. XXIV,Bilateral; One Party is an RTA,Europe,No,Yes,en,88,none,,False,False,False,True,0,plurilateral_symmetric,"5-party agreement, no dominant template detected. G20 members present: 0",modern_global,EFTA - North Macedonia,Iceland; Liechtenstein; Norway; Switzerland; North Macedonia,Iceland; Liechtenstein; Norway; Switzerland; North Macedonia,Bilateral; One Party is an RTA,E,,E,Language,,,,European Free Trade Association (EFTA),"Notification of the entry into force of Decision No. 1 of 2021 of the EFTA-North Macedonia Joint Committee concerning amendments to Protocol B concerning the definition of the concept of originating products and methods of administrative cooperation.

The revised rules of the Regional Convention on pan-Euro-Mediterranean preferential rules of origin (PEM Convention) introduce a new set of modernised rules of origin designed to promote trade between the Contracting Parties to the PEM Convention. The EFTA States and North Macedonia have agreed to amend and replace Protocol B to the Free Trade Agreement (FTA) concerning the definition of the concept of “originating products” and Methods of Administrative Cooperation, incorporating a dynamic link to the PEM Convention and applying the revised rules of the PEM Convention on a bilateral basis pending their adoption by the Joint Committee of the PEM Convention.

Key changes include greater flexibility in the cumulation of origin, introducing simplified, more flexible product-specific rules, as well as allowing for the issuance of electronic origin certificates. These updates aim to reduce administrative burdens, simplify trade documentation, and offer businesses more opportunities within the PEM zone.

As Protocol B are referenced in the Bilateral Agreements on Agriculture between the respective EFTA States and North Macedonia, the amendments also necessitated corresponding changes to the bilateral agricultural agreements. These revisions ensure that the updated rules of origin and related procedures are consistently applied across the FTA and the Bilateral Agricultural Agreements, maintaining coherence, and facilitating smoother trade operations between the Parties.",,,,,,,,,,E,,,,,,,,,,,,,,,,,,,,,,,,,
80,Turkey - Former Yugoslav Republic of Macedonia,"['MKD', 'TUR']",2,1999,1999-09-07,2000-09-01,In Force,Free Trade Agreement,GATT Art. XXIV,Bilateral,Europe,No,Yes,en,89,none,,False,False,False,False,1,bilateral_asymmetric,"One major economy, one smaller partner — possible power asymmetry but no known template detected. Treat with caution.",modern_global,Türkiye - North Macedonia,North Macedonia; Türkiye,North Macedonia; Türkiye,Bilateral,E,,E,Language,,,,,,,,,,"Türkiye, Ministry of Trade",,,,,E,,,,,,,,,,,,,,,,,,,,,,,,,
81,Kyrgyz Republic - Armenia,"['ARM', 'KGZ']",2,1994,1994-07-04,1995-10-27,In Force,Free Trade Agreement,GATT Art. XXIV,Bilateral,Commonwealth of Independent States (CIS),No,Yes,en,90,none,,False,False,False,False,0,bilateral_symmetric,South-South or peer agreement — no asymmetry signals detected. CCS reflects genuine bilateral negotiation.,central_asian,Kyrgyz Republic - Armenia,Armenia; Kyrgyz Republic,Armenia; Kyrgyz Republic,Bilateral,E F S,,,Language,,,,,,,,,,,,,,,E,,,,,,,,,,,,,,,,,,,,,,,,,
82,EU - South Africa,"['AUT', 'BEL', 'BGR', 'CYP', 'CZE', 'DEU', 'DNK', 'ESP', 'EST', 'FIN', 'FRA', 'GBR', 'GRC', 'HRV', 'HUN', 'IRL', 'ITA', 'LTU', 'LUX', 'LVA', 'MLT', 'NLD', 'POL', 'PRT', 'ROU', 'SVK', 'SVN', 'SWE', 'ZAF']",29,1999,1999-10-11,2000-01-01,In Force,Free Trade Agreement,GATT Art. XXIV,Bilateral; One Party is an RTA,Europe; Africa,Yes,Yes,en,91,none,,False,False,False,True,5,plurilateral_symmetric,"29-party agreement, no dominant template detected. G20 members present: 5",eastern_european,EU - South Africa,Austria; Belgium; Bulgaria; Croatia; Cyprus; Czech Republic; Denmark; Estonia; Finland; France; Germany; Greece; Hungary; Ireland; Italy; Latvia; Lithuania; Luxembourg; Malta; Netherlands; Poland; Portugal; Romania; Slovak Republic; Slovenia; Spain; Sweden; South Africa,Austria; Belgium; Denmark; Finland; France; Germany; Greece; Ireland; Italy; Luxembourg; Netherlands; Portugal; South Africa; Spain; Sweden; United Kingdom,Bilateral; One Party is an RTA,E F S,,E F S,Language,,E F S,,,,,,EU Treaty,,,,,,,,,,,,,,,,,,,,,,,,,,,,,,,,
83,EU - Morocco,"['AUT', 'BEL', 'BGR', 'CYP', 'CZE', 'DEU', 'DNK', 'ESP', 'EST', 'FIN', 'FRA', 'GBR', 'GRC', 'HRV', 'HUN', 'IRL', 'ITA', 'LTU', 'LUX', 'LVA', 'MAR', 'MLT', 'NLD', 'POL', 'PRT', 'ROU', 'SVK', 'SVN', 'SWE']",29,1996,1996-02-26,2000-03-01,In Force,Free Trade Agreement,GATT Art. XXIV,Bilateral; One Party is an RTA,Europe; Africa,Yes,Yes,en,92,none,,False,False,False,True,4,plurilateral_symmetric,"29-party agreement, no dominant template detected. G20 members present: 4",eastern_european,EU - Morocco,Austria; Belgium; Bulgaria; Croatia; Cyprus; Czech Republic; Denmark; Estonia; Finland; France; Germany; Greece; Hungary; Ireland; Italy; Latvia; Lithuania; Luxembourg; Malta; Netherlands; Poland; Portugal; Romania; Slovak Republic; Slovenia; Spain; Sweden; Morocco,Austria; Belgium; Denmark; Finland; France; Germany; Greece; Ireland; Italy; Luxembourg; Morocco; Netherlands; Portugal; Spain; Sweden; United Kingdom,Bilateral; One Party is an RTA,E F S,,E F S,Language,,,,,,,,EU Treaty,,,,,,,E,,,,,,,,,,,,,,,,,,,,,,,,,
84,EU - Israel,"['AUT', 'BEL', 'BGR', 'CYP', 'CZE', 'DEU', 'DNK', 'ESP', 'EST', 'FIN', 'FRA', 'GBR', 'GRC', 'HRV', 'HUN', 'IRL', 'ISR', 'ITA', 'LTU', 'LUX', 'LVA', 'MLT', 'NLD', 'POL', 'PRT', 'ROU', 'SVK', 'SVN', 'SWE']",29,1995,1995-11-20,2000-06-01,In Force,Free Trade Agreement,GATT Art. XXIV,Bilateral; One Party is an RTA,Europe; Middle East,Yes,Yes,en,93,none,,False,False,False,True,4,plurilateral_symmetric,"29-party agreement, no dominant template detected. G20 members present: 4",eastern_european,EU - Israel,Austria; Belgium; Bulgaria; Croatia; Cyprus; Czech Republic; Denmark; Estonia; Finland; France; Germany; Greece; Hungary; Ireland; Italy; Latvia; Lithuania; Luxembourg; Malta; Netherlands; Poland; Portugal; Romania; Slovak Republic; Slovenia; Spain; Sweden; Israel,Austria; Belgium; Denmark; Finland; France; Germany; Greece; Ireland; Israel; Italy; Luxembourg; Netherlands; Portugal; Spain; Sweden; United Kingdom,Bilateral; One Party is an RTA,E F S,,E F S,Language,,,,,,,,EU Treaty,,,,,,,E,,,,,,,,,,,,,,,,,,,,,,,,,
85,East African Community (EAC),"['BDI', 'KEN', 'RWA', 'TZA', 'UGA']",5,1999,1999-11-30,2000-07-07,In Force,Customs Union & Economic Integration Agreement,Enabling Clause & GATS Art. V,Plurilateral,Africa,No,Yes,en,94,none,,False,False,False,True,0,plurilateral_symmetric,"5-party agreement, no dominant template detected. G20 members present: 0",modern_global,East African Community (EAC),Burundi; Kenya; Rwanda; Tanzania; Uganda,Kenya; Tanzania; Uganda,Plurilateral,E,,E,Language,,,,,,,E F S,,,,,,,,E,,,,,,,,,,,,,,,,,,,,East African Community (EAC) - Accession of Burundi and Rwanda,East African Community (EAC),,,,
86,Economic and Monetary Community of Central Africa (CEMAC),"['CAF', 'CMR', 'COG', 'GAB', 'GNQ', 'TCD']",6,1994,1994-03-16,1999-06-24,In Force,Customs Union,Enabling Clause,Plurilateral,Africa,No,No,fr,95,none,,False,False,False,True,0,plurilateral_symmetric,"6-party agreement, no dominant template detected. G20 members present: 0",modern_global,Economic and Monetary Community of Central Africa (CEMAC),Cameroon; Central African Republic; Chad; Congo; Equatorial Guinea; Gabon,Cameroon; Central African Republic; Chad; Congo; Equatorial Guinea; Gabon,Plurilateral,E F S,,F,Language,,,,,,,,,,,,,,,E,,,,,,,,,,,,,,,,,,,,,,Commission de la Communauté Economique,F,,
87,EFTA - Morocco,"['CHE', 'ISL', 'LIE', 'MAR', 'NOR']",5,1997,1997-06-19,1999-12-01,In Force,Free Trade Agreement,GATT Art. XXIV,Bilateral; One Party is an RTA,Europe; Africa,Yes,Yes,en,96,none,,False,False,False,True,0,plurilateral_symmetric,"5-party agreement, no dominant template detected. G20 members present: 0",modern_global,EFTA - Morocco,Iceland; Liechtenstein; Norway; Switzerland; Morocco,Iceland; Liechtenstein; Norway; Switzerland; Morocco,Bilateral; One Party is an RTA,E F,,E F,Language,,,,European Free Trade Association (EFTA),"Notification of the entry into force of Decision No. 2 of 2010 of the Joint EFTA-Morocco Committee concerning amendments to Protocol B.

Replacement of paragraph 2 of Article 3 and paragraph 2 of Article 4 of Protocol B.",,,,,,,,,,E,,,,,,,,,,,,,,,,,,,,,,,,,
88,West African Economic and Monetary Union (WAEMU),"['BEN', 'BFA', 'CIV', 'MLI', 'NER', 'SEN', 'TGO']",7,1994,1994-01-10,2000-01-01,In Force,Customs Union,Enabling Clause,Plurilateral,Africa,No,Yes,fr,97,none,,False,False,False,True,0,plurilateral_symmetric,"7-party agreement, no dominant template detected. G20 members present: 0",modern_global,West African Economic and Monetary Union (WAEMU),Benin; Burkina Faso; Côte d'Ivoire; Guinea-Bissau; Mali; Niger; Senegal; Togo,Benin; Burkina Faso; Côte d'Ivoire; Guinea-Bissau; Mali; Niger; Senegal; Togo,Plurilateral,F,,,Language,,,,,,,,,,,,,,,E,,,,,,,,,,,,,,,,,,,,,,,,L'Union Economique et Monétaire ouest africaine,
89,Melanesian Spearhead Group (MSG),"['FJI', 'PNG', 'SLB', 'VUT']",4,1993,1993-07-22,1994-01-01,In Force,Partial Scope Agreement,Enabling Clause,Plurilateral,Oceania,No,Yes,en,98,none,,False,False,False,True,0,plurilateral_symmetric,"4-party agreement, no dominant template detected. G20 members present: 0",modern_global,Melanesian Spearhead Group (MSG),Fiji; Papua New Guinea; Solomon Islands; Vanuatu,Fiji; Papua New Guinea; Solomon Islands; Vanuatu,Plurilateral,E F S,,,Language,,,,,,,,,,,,,,,E,,,,,,,,,,,,,,,,,,,,,,,,,
90,Commonwealth of Independent States (CIS),"['AZE', 'GEO', 'TKM', 'UZB']",4,1994,1994-04-15,1994-12-30,In Force,Free Trade Agreement,GATT Art. XXIV,Plurilateral,Commonwealth of Independent States (CIS),No,No,en,99,none,,False,False,False,True,0,plurilateral_symmetric,"4-party agreement, no dominant template detected. G20 members present: 0",central_asian,Commonwealth of Independent States (CIS),Azerbaijan; Georgia; Turkmenistan; Uzbekistan,"Armenia; Azerbaijan; Belarus; Georgia; Kazakhstan; Kyrgyz Republic; Moldova, Republic of; Russian Federation; Tajikistan; Ukraine; Uzbekistan",Plurilateral,E F S,,,,,,,,,,,,,,,,,,,,,,,,,,,,,,Treaty on a Free Trade Area between members of the Commonwealth of Independent States (CIS),,,,,,,,,,,,,Commonwealth of Independent States (CIS)
91,Kyrgyz Republic - Kazakhstan,"['KAZ', 'KGZ']",2,1995,1995-06-22,1995-11-11,In Force,Free Trade Agreement,GATT Art. XXIV,Bilateral,Commonwealth of Independent States (CIS),No,Yes,en,100,none,,False,False,False,False,0,bilateral_symmetric,South-South or peer agreement — no asymmetry signals detected. CCS reflects genuine bilateral negotiation.,central_asian,Kyrgyz Republic - Kazakhstan,Kazakhstan; Kyrgyz Republic,Kazakhstan; Kyrgyz Republic,Bilateral,E F S,,,,,,,,,,,,,,,,,,,,,,,,,,,,,,,,,,,,,,,,,,,
92,EFTA - Palestinian Authority,"['CHE', 'ISL', 'LIE', 'NOR', 'PSE']",5,1998,1998-11-30,1999-07-01,In Force,Free Trade Agreement,GATT Art. XXIV,Bilateral; One Party is an RTA,Europe; Middle East,Yes,No,en,101,none,,False,False,False,True,0,plurilateral_symmetric,"5-party agreement, no dominant template detected. G20 members present: 0",modern_global,EFTA - Palestine,Iceland; Liechtenstein; Norway; Switzerland; Palestine,Iceland; Liechtenstein; Norway; Switzerland; Palestine,Bilateral; One Party is an RTA,E,,E,,,,,European Free Trade Association (EFTA),"Notification of the entry into force of Decisions No. 1 – 3 of 2008 of the Joint EFTA-Palestinian Authority Committee concerning amendments to Protocol A concerning processed agricultural products, to Annex I concerning products not covered by the Agreement and to Annex II concerning fish and other marine products.

Decision 1/2008: Taking into account that the EFTA States have revised their agreements with the European Union on processed agricultural products, by expanding the product coverage of these agreements and providing for improved concessions for the products covered, the Decision updates Protocol A to ensure products originating in the West Bank and the Gaza Strip are accorded treatment no less favourable than that accorded to the European Communities. 

Decision 2/2008: Update of Annex I following amendments to Protocol A to the EFTA-Palestinian Authority Agreement given that some products listed in the former Annex I to the Agreement are now included in the Agreement. 

Decision 3/2008: Technical amendments to Table 1 of Annex II to the EFTA-Palestinian Authority Free Trade Agreement to harmonise the scope of the Annex, taking into consideration developments in international trade in fish and other marine products and in particular the discussions taking place in the WTO regarding the definition of fish and fisheries products.",,,,,,,,,,,,,,,,,,,,,,,,,,,,,,,,,,,
93,Kyrgyz Republic - Moldova,"['KGZ', 'MDA']",2,1995,1995-05-16,1996-11-21,In Force,Free Trade Agreement,GATT Art. XXIV,Bilateral,Commonwealth of Independent States (CIS),No,Yes,en,102,none,,False,False,False,False,0,bilateral_symmetric,South-South or peer agreement — no asymmetry signals detected. CCS reflects genuine bilateral negotiation.,central_asian,"Kyrgyz Republic - Moldova, Republic of","Kyrgyz Republic; Moldova, Republic of","Kyrgyz Republic; Moldova, Republic of",Bilateral,E F S,,,Language,,,,,,,,,,,,,,,E,,,,,,,,,,,,,,"Republic of Moldova, Ministry of Economy and Infrastructure",,,,,,,,,,,
94,Kyrgyz Republic - Russian Federation,"['KGZ', 'RUS']",2,1992,1992-10-08,1993-04-24,Inactive,Free Trade Agreement,GATT Art. XXIV,Bilateral,Commonwealth of Independent States (CIS),No,Yes,en,103,none,,False,False,False,False,1,bilateral_asymmetric,"One major economy, one smaller partner — possible power asymmetry but no known template detected. Treat with caution.",central_asian,Kyrgyz Republic - Russian Federation,,Kyrgyz Republic; Russian Federation,Bilateral,E F S,,,,,,,,,,,,,,,,,,,,,,,,,,,,,,Treaty on a Free Trade Area between members of the Commonwealth of Independent States (CIS),"Russian Federation, Ministry of Foreign Affairs",,,,,,,,,,,,
95,Kyrgyz Republic - Ukraine,"['KGZ', 'UKR']",2,1995,1995-05-26,1998-01-19,In Force,Free Trade Agreement,GATT Art. XXIV,Bilateral,Commonwealth of Independent States (CIS),No,Yes,en,104,none,,False,False,False,False,0,bilateral_symmetric,South-South or peer agreement — no asymmetry signals detected. CCS reflects genuine bilateral negotiation.,central_asian,Kyrgyz Republic - Ukraine,Kyrgyz Republic; Ukraine,Kyrgyz Republic; Ukraine,Bilateral,E F S,,,Language,,E F S,,,,,,,,,,,,,,,,,,,,,,,,,,,,"Ukraine, Ministry for Development of Economy, Trade and Agriculture",,,,,,,,,,
96,Kyrgyz Republic - Uzbekistan,"['KGZ', 'UZB']",2,1996,1996-12-24,1998-03-20,In Force,Free Trade Agreement,GATT Art. XXIV,Bilateral,Commonwealth of Independent States (CIS),No,No,en,105,none,,False,False,False,False,0,bilateral_symmetric,South-South or peer agreement — no asymmetry signals detected. CCS reflects genuine bilateral negotiation.,central_asian,Kyrgyz Republic - Uzbekistan,Kyrgyz Republic; Uzbekistan,Kyrgyz Republic; Uzbekistan,Bilateral,E F S,,,,,,,,,,,,,,,,,,,,,,,,,,,,,,,,,,,,,,,,,,,
97,Eurasian Economic Community (EAEC),"['BLR', 'KAZ', 'KGZ', 'RUS', 'TJK']",5,1996,1996-03-29,1997-10-08,Inactive,Customs Union,GATT Art. XXIV,Plurilateral,Commonwealth of Independent States (CIS),No,No,en,106,none,,False,False,False,True,1,plurilateral_symmetric,"5-party agreement, no dominant template detected. G20 members present: 1",central_asian,Eurasian Economic Community (EAEC),,Belarus; Kazakhstan; Kyrgyz Republic; Russian Federation; Tajikistan,Plurilateral,E F S,,,,,,,,,,,,,,,,,,,,,,,,,,,,,,,,,,,,,,,,,,,
98,EU - Tunisia,"['AUT', 'BEL', 'BGR', 'CYP', 'CZE', 'DEU', 'DNK', 'ESP', 'EST', 'FIN', 'FRA', 'GBR', 'GRC', 'HRV', 'HUN', 'IRL', 'ITA', 'LTU', 'LUX', 'LVA', 'MLT', 'NLD', 'POL', 'PRT', 'ROU', 'SVK', 'SVN', 'SWE', 'TUN']",29,1995,1995-07-07,1998-03-01,In Force,Free Trade Agreement,GATT Art. XXIV,Bilateral; One Party is an RTA,Europe; Africa,Yes,Yes,en,107,none,,False,False,False,True,4,plurilateral_symmetric,"29-party agreement, no dominant template detected. G20 members present: 4",eastern_european,EU - Tunisia,Austria; Belgium; Bulgaria; Croatia; Cyprus; Czech Republic; Denmark; Estonia; Finland; France; Germany; Greece; Hungary; Ireland; Italy; Latvia; Lithuania; Luxembourg; Malta; Netherlands; Poland; Portugal; Romania; Slovak Republic; Slovenia; Spain; Sweden; Tunisia,Austria; Belgium; Denmark; Finland; France; Germany; Greece; Ireland; Italy; Luxembourg; Netherlands; Portugal; Spain; Sweden; Tunisia; United Kingdom,Bilateral; One Party is an RTA,E F S,,E F S,Language,,,,,,,,EU Treaty,,,,,,,E,,,,,,,,,,,,,,,,,,,,,,,,,
99,Turkey - Israel,"['ISR', 'TUR']",2,1996,1996-03-14,1997-05-01,In Force,Free Trade Agreement,GATT Art. XXIV,Bilateral,Middle East; Europe,Yes,Yes,en,108,none,,False,False,False,False,1,bilateral_asymmetric,"One major economy, one smaller partner — possible power asymmetry but no known template detected. Treat with caution.",modern_global,Türkiye - Israel,Israel; Türkiye,Israel; Türkiye,Bilateral,E,,,Language,,,,,,,,,,,,,,,E,,,,,,,,,,,,,,,,,,,,,,,,,
100,EU - Andorra,"['AND', 'AUT', 'BEL', 'BGR', 'CYP', 'CZE', 'DEU', 'DNK', 'ESP', 'EST', 'FIN', 'FRA', 'GBR', 'GRC', 'HRV', 'HUN', 'IRL', 'ITA', 'LTU', 'LUX', 'LVA', 'MLT', 'NLD', 'POL', 'PRT', 'ROU', 'SVK', 'SVN', 'SWE']",29,1991,1991-06-28,1991-07-01,In Force,Customs Union,GATT Art. XXIV,Bilateral; One Party is an RTA,Europe,No,No,en,109,none,,False,False,False,True,4,plurilateral_symmetric,"29-party agreement, no dominant template detected. G20 members present: 4",eastern_european,EU - Andorra,Andorra; Austria; Belgium; Bulgaria; Croatia; Cyprus; Czech Republic; Denmark; Estonia; Finland; France; Germany; Greece; Hungary; Ireland; Italy; Latvia; Lithuania; Luxembourg; Malta; Netherlands; Poland; Portugal; Romania; Slovak Republic; Slovenia; Spain; Sweden,Andorra; Belgium; Denmark; France; Germany; Greece; Ireland; Italy; Luxembourg; Netherlands; Portugal; Spain; United Kingdom,Bilateral; One Party is an RTA,E F S,,E F S,Language,,,,,,,,EU Treaty,European Commission,,,,,,E,,,,,,,,,,,,,,,,,,,,,,,,,
